Workbook

Sheet solar
B2: 1 | C2: 0
B3: 2 | C3: 0
B4: 3 | C4: 0
B5: 4 | C5: 0
B6: 5 | C6: 0
B7: 6 | C7: 0
B8: 7 | C8: 0
B9: 8 | C9: 0
B10: 9 | C10: 0
B11: 10 | C11: 0
B12: 11 | C12: 0
B13: 12 | C13: 0
... B673: 672 | C673: 0

Sheet demand
B3: 1 | C3: 0.048009867 | D3: 0 | E3: 0.093333867
B4: 2 | C4: 0.19354193 | D4: 0 | E4: 0.044
B5: 3 | C5: 0.22074107 | D5: 0 | E5: 0.0560002
B6: 4 | C6: 0.2126704 | D6: 0.13333333 | E6: 0.0400008
B7: 5 | C7: 0.21700173 | D7: 0.4 | E7: 0.096
B8: 6 | C8: 0.1589342 | D8: 0.4 | E8: 0.044
B9: 7 | C9: 0.21613387 | D9: 0.4 | E9: 0.096
B10: 8 | C10: 0.16446733 | D10: 0.4 | E10: 0.044
B11: 9 | C11: 0.22100047 | D11: 0.4 | E11: 0.096
B12: 10 | C12: 0.16020107 | D12: 0.4 | E12: 0.044
B13: 11 | C13: 0.084667133 | D13: 0.4 | E13: 0.053334067
B14: 12 | C14: 0.2064 | D14: 0.4 | E14: 0.066667333
... B674: 672 | C674: 0.21501667 | D674: 0.37333333 | E674: 1e-06

Sheet investment
B2: 1 | C2: 0.63534856 | E2: 0.18460793
B3: 2 | C3: 0.6148236 | E3: 2.2956286
B4: 3 | C4: 4.5279228 | E4: 7.924294
C8: =0.518*SUM(C2:C4)+0.384*SUM(E2:E4) -> 6.9883929
C9: =profit!F2-C8 -> 0.073187961

Sheet profit
B2: -0.0043067212 | D2: 1 | E2: -1.2287166 | F2: 7.0615809 | H2: 1 | I2: 0.4041503
D3: 2 | E3: -0.8481569 | H3: 2 | I3: 1.2178682
D4: 3 | E4: 2.0725667 | H4: 3 | I4: 5.4395624

Sheet solgen
B3: 1 | C3: 0 | D3: 0 | E3: 0
B4: 2 | C4: 0 | D4: 0 | E4: 0
B5: 3 | C5: 0 | D5: 0 | E5: 0
B6: 4 | C6: 0 | D6: 0 | E6: 0
B7: 5 | C7: 0 | D7: 0 | E7: 0
B8: 6 | C8: 0 | D8: 0 | E8: 0
B9: 7 | C9: 0 | D9: 0 | E9: 0
B10: 8 | C10: 0 | D10: 0 | E10: 0
B11: 9 | C11: 0 | D11: 0 | E11: 0
B12: 10 | C12: 0 | D12: 0 | E12: 0
B13: 11 | C13: 0 | D13: 0 | E13: 0
B14: 12 | C14: 0 | D14: 0 | E14: 0
... B674: 672 | C674: 0 | D674: 0 | E674: 0

Sheet import
C2: =SUM(C3:C674) -> 27.658321 | D2: =SUM(D3:D674) -> 14.218687 | E2: =SUM(E3:E674) -> 7.5591201e-09
B3: 1 | C3: 0 | D3: 0 | E3: 0
B4: 2 | C4: 0 | D4: 0 | E4: 1.1920929e-19
B5: 3 | C5: 0 | D5: 0 | E5: 0
B6: 4 | C6: 0.05243943 | D6: 0 | E6: 0
B7: 5 | C7: 0.054250433 | D7: 0 | E7: 0
B8: 6 | C8: 0.03973355 | D8: 0 | E8: 0
B9: 7 | C9: 0.054033467 | D9: 0 | E9: 2.3841858e-19
B10: 8 | C10: 0.041116833 | D10: 0 | E10: 0
B11: 9 | C11: 0.055250117 | D11: 0 | E11: 0
B12: 10 | C12: 0.040050267 | D12: 0 | E12: 0
B13: 11 | C13: 0.021166783 | D13: 0 | E13: 2.3841858e-19
B14: 12 | C14: 0.0516 | D14: 0 | E14: 2.3841858e-19
... B674: 672 | C674: 0 | D674: 0 | E674: 0

Sheet export
C2: =SUM(C3:C674) -> 2.4336576e-16 | D2: =SUM(D3:D674) -> 0.59933429 | E2: =SUM(E3:E674) -> 41.277674
B3: 1 | C3: 0 | D3: 0 | E3: 0
B4: 2 | C4: 0 | D4: 0 | E4: 0
B5: 3 | C5: 0 | D5: 0 | E5: 0
B6: 4 | C6: 0 | D6: 0 | E6: 0.05243943
B7: 5 | C7: 0 | D7: 0 | E7: 0.054250433
B8: 6 | C8: 0 | D8: 0 | E8: 0.03973355
B9: 7 | C9: 0 | D9: 0 | E9: 0.054033467
B10: 8 | C10: 0 | D10: 0 | E10: 0.041116833
B11: 9 | C11: 0 | D11: 0 | E11: 0.055250117
B12: 10 | C12: 0 | D12: 0 | E12: 0.040050267
B13: 11 | C13: 0 | D13: 0 | E13: 0.021166783
B14: 12 | C14: 0 | D14: 0 | E14: 0.0516
... B674: 672 | C674: 4.7683716e-19 | D674: 0 | E674: 0

Sheet charge
B3: 1 | C3: 1.7166138e-18 | D3: 0 | E3: 0
B4: 2 | C4: 0 | D4: 0 | E4: 0
B5: 3 | C5: 0 | D5: 0 | E5: 0
B6: 4 | C6: 0 | D6: 0 | E6: 5.505085e-17
B7: 5 | C7: 0 | D7: 0 | E7: 2.3841858e-19
B8: 6 | C8: 0 | D8: 0 | E8: 1.1920929e-19
B9: 7 | C9: 0 | D9: 0 | E9: 0
B10: 8 | C10: 0 | D10: 0 | E10: 5.9604645e-19
B11: 9 | C11: 0 | D11: 0 | E11: 2.3841858e-19
B12: 10 | C12: 0 | D12: 0 | E12: 0
B13: 11 | C13: 0 | D13: 0 | E13: 0
B14: 12 | C14: 0 | D14: 0 | E14: 5.4693222e-17
... B674: 672 | C674: 4.7683716e-19 | D674: 0 | E674: 0

Sheet discharge
B3: 1 | C3: 0.012002467 | D3: 0 | E3: 0.023333467
B4: 2 | C4: 0.048385483 | D4: 0 | E4: 0.011
B5: 3 | C5: 0.055185267 | D5: 0 | E5: 0.01400005
B6: 4 | C6: 0.00072816997 | D6: 0.033333333 | E6: 0.06243963
B7: 5 | C7: 0 | D7: 0.1 | E7: 0.078250433
B8: 6 | C8: 1.0526804e-10 | D8: 0.1 | E8: 0.05073355
B9: 7 | C9: 0 | D9: 0.1 | E9: 0.078033467
B10: 8 | C10: 1.0526465e-10 | D10: 0.1 | E10: 0.052116833
B11: 9 | C11: 0 | D11: 0.1 | E11: 0.079250117
B12: 10 | C12: 0 | D12: 0.1 | E12: 0.051050267
B13: 11 | C13: 0 | D13: 0.1 | E13: 0.0345003
B14: 12 | C14: 1.3398965e-08 | D14: 0.1 | E14: 0.068266833
... B674: 672 | C674: 0.053754167 | D674: 0.093333333 | E674: 2.5e-07

Sheet soc
B3: 1 | C3: 0.11588948 | D3: 1.60694 | E3: 5.5210797
B4: 2 | C4: 0.06212667 | D4: 1.6069239 | E4: 5.5088023
B5: 3 | C5: 0.00080908584 | D5: 1.6069079 | E5: 5.4931916
B6: 4 | C6: 0 | D6: 1.5698548 | E6: 5.4237593
B7: 5 | C7: 0 | D7: 1.458728 | E7: 5.3367601
B8: 6 | C8: 0 | D8: 1.3476023 | E8: 5.2803361
B9: 7 | C9: 0 | D9: 1.2364777 | E9: 5.1935795
B10: 8 | C10: 0 | D10: 1.1253542 | E10: 5.13562
B11: 9 | C11: 0 | D11: 1.0142318 | E11: 5.0475129
B12: 10 | C12: 0 | D12: 0.90311058 | E12: 4.9907399
B13: 11 | C13: 0 | D13: 0.79199043 | E13: 4.9523564
B14: 12 | C14: 1.1964337e-08 | D14: 0.6808714 | E14: 4.8764548
... B674: 672 | C674: 0.12922555 | D674: 1.60694 | E674: 5.5470058

Sheet p_micro
B2: 1 | C2: 0.0006085025 | D2: =MAX(C2:C673) -> 0.213933
B3: 2 | C3: 0.00060850559
B4: 3 | C4: 0.00060850867
B5: 4 | C5: 0.00060851176
B6: 5 | C6: 0.00060851484
B7: 6 | C7: 0.00060851793
B8: 7 | C8: 0.00060852101
B9: 8 | C9: 0.0006085241
B10: 9 | C10: 0.00060852718
B11: 10 | C11: 0.00060853027
B12: 11 | C12: 0.00060853335
B13: 12 | C13: 0.00060853644
B14: 13 | C14: 0.00060853952
... B673: 672 | C673: 0.0003

Sheet NG1
B2: NG= | C2: 1 | E2: Nanogrid 1
B4: PV hours | D4: For plot | E4: timestep | F4: solar 1 | G4: demand 1 | H4: solgen 1 | I4: import 1 | J4: export 1 | K4: charge 1 | L4: discha 1 | M4: SoC 1 | N4: p_micro
B5: =_xlfn.NUMBERVALUE(solar!B2) -> 8 | C5: =solar!C2 -> 0 | D5: 1 | E5: 1 | F5: =IFERROR(INDEX($B$5:$C$173, MATCH($E5, $B$5:$B$175, 0), 2), 0)*investment!$C$2 -> 0 | G5: =demand!C3 -> 0 | H5: =solgen!C3 -> 0 | I5: =import!C3 -> 0 | J5: =-export!C3 -> 0 | K5: =-charge!C3 -> 0 | L5: =discharge!C3 -> 0 | M5: =soc!C3/investment!$E$2 *100 -> 62.776002 | N5: =p_micro!C2 -> 0
B6: =_xlfn.NUMBERVALUE(solar!B3) -> 9 | C6: =solar!C3 -> 0 | D6: 2 | E6: 2 | F6: =IFERROR(INDEX($B$5:$C$173, MATCH($E6, $B$5:$B$175, 0), 2), 0)*investment!$C$2 -> 0 | G6: =demand!C4 -> 0 | H6: =solgen!C4 -> 0 | I6: =import!C4 -> 0 | J6: =-export!C4 -> 0 | K6: =-charge!C4 -> 0 | L6: =discharge!C4 -> 0 | M6: =soc!C4/investment!$E$2 *100 -> 33.653305 | N6: =p_micro!C3 -> 0
B7: =_xlfn.NUMBERVALUE(solar!B4) -> 10 | C7: =solar!C4 -> 0 | D7: 3 | E7: 3 | F7: =IFERROR(INDEX($B$5:$C$173, MATCH($E7, $B$5:$B$175, 0), 2), 0)*investment!$C$2 -> 0 | G7: =demand!C5 -> 0 | H7: =solgen!C5 -> 0 | I7: =import!C5 -> 0 | J7: =-export!C5 -> 0 | K7: =-charge!C5 -> 0 | L7: =discharge!C5 -> 0 | M7: =soc!C5/investment!$E$2 *100 -> 0.43827252 | N7: =p_micro!C4 -> 0
B8: =_xlfn.NUMBERVALUE(solar!B5) -> 11 | C8: =solar!C5 -> 0 | D8: 4 | E8: 4 | F8: =IFERROR(INDEX($B$5:$C$173, MATCH($E8, $B$5:$B$175, 0), 2), 0)*investment!$C$2 -> 0 | G8: =demand!C6 -> 0 | H8: =solgen!C6 -> 0 | I8: =import!C6 -> 0 | J8: =-export!C6 -> 0 | K8: =-charge!C6 -> 0 | L8: =discharge!C6 -> 0 | M8: =soc!C6/investment!$E$2 *100 -> 0 | N8: =p_micro!C5 -> 0
B9: =_xlfn.NUMBERVALUE(solar!B6) -> 12 | C9: =solar!C6 -> 0 | D9: 5 | E9: 5 | F9: =IFERROR(INDEX($B$5:$C$173, MATCH($E9, $B$5:$B$175, 0), 2), 0)*investment!$C$2 -> 0 | G9: =demand!C7 -> 0 | H9: =solgen!C7 -> 0 | I9: =import!C7 -> 0 | J9: =-export!C7 -> 0 | K9: =-charge!C7 -> 0 | L9: =discharge!C7 -> 0 | M9: =soc!C7/investment!$E$2 *100 -> 0 | N9: =p_micro!C6 -> 0
B10: =_xlfn.NUMBERVALUE(solar!B7) -> 13 | C10: =solar!C7 -> 0 | D10: 6 | E10: 6 | F10: =IFERROR(INDEX($B$5:$C$173, MATCH($E10, $B$5:$B$175, 0), 2), 0)*investment!$C$2 -> 0 | G10: =demand!C8 -> 0 | H10: =solgen!C8 -> 0 | I10: =import!C8 -> 0 | J10: =-export!C8 -> 0 | K10: =-charge!C8 -> 0 | L10: =discharge!C8 -> 0 | M10: =soc!C8/investment!$E$2 *100 -> 0 | N10: =p_micro!C7 -> 0
B11: =_xlfn.NUMBERVALUE(solar!B8) -> 14 | C11: =solar!C8 -> 0 | D11: 7 | E11: 7 | F11: =IFERROR(INDEX($B$5:$C$173, MATCH($E11, $B$5:$B$175, 0), 2), 0)*investment!$C$2 -> 0 | G11: =demand!C9 -> 0 | H11: =solgen!C9 -> 0 | I11: =import!C9 -> 0 | J11: =-export!C9 -> 0 | K11: =-charge!C9 -> 0 | L11: =discharge!C9 -> 0 | M11: =soc!C9/investment!$E$2 *100 -> 0 | N11: =p_micro!C8 -> 0
B12: =_xlfn.NUMBERVALUE(solar!B9) -> 15 | C12: =solar!C9 -> 0 | D12: 8 | E12: 8 | F12: =IFERROR(INDEX($B$5:$C$173, MATCH($E12, $B$5:$B$175, 0), 2), 0)*investment!$C$2 -> 0 | G12: =demand!C10 -> 0 | H12: =solgen!C10 -> 0 | I12: =import!C10 -> 0 | J12: =-export!C10 -> 0 | K12: =-charge!C10 -> 0 | L12: =discharge!C10 -> 0 | M12: =soc!C10/investment!$E$2 *100 -> 0 | N12: =p_micro!C9 -> 0
B13: =_xlfn.NUMBERVALUE(solar!B10) -> 16 | C13: =solar!C10 -> 0 | D13: 9 | E13: 9 | F13: =IFERROR(INDEX($B$5:$C$173, MATCH($E13, $B$5:$B$175, 0), 2), 0)*investment!$C$2 -> 0 | G13: =demand!C11 -> 0 | H13: =solgen!C11 -> 0 | I13: =import!C11 -> 0 | J13: =-export!C11 -> 0 | K13: =-charge!C11 -> 0 | L13: =discharge!C11 -> 0 | M13: =soc!C11/investment!$E$2 *100 -> 0 | N13: =p_micro!C10 -> 0
B14: =_xlfn.NUMBERVALUE(solar!B11) -> 17 | C14: =solar!C11 -> 0 | D14: 10 | E14: 10 | F14: =IFERROR(INDEX($B$5:$C$173, MATCH($E14, $B$5:$B$175, 0), 2), 0)*investment!$C$2 -> 0 | G14: =demand!C12 -> 0 | H14: =solgen!C12 -> 0 | I14: =import!C12 -> 0 | J14: =-export!C12 -> 0 | K14: =-charge!C12 -> 0 | L14: =discharge!C12 -> 0 | M14: =soc!C12/investment!$E$2 *100 -> 0 | N14: =p_micro!C11 -> 0
B15: =_xlfn.NUMBERVALUE(solar!B12) -> 18 | C15: =solar!C12 -> 0 | D15: 11 | E15: 11 | F15: =IFERROR(INDEX($B$5:$C$173, MATCH($E15, $B$5:$B$175, 0), 2), 0)*investment!$C$2 -> 0 | G15: =demand!C13 -> 0 | H15: =solgen!C13 -> 0 | I15: =import!C13 -> 0 | J15: =-export!C13 -> 0 | K15: =-charge!C13 -> 0 | L15: =discharge!C13 -> 0 | M15: =soc!C13/investment!$E$2 *100 -> 0 | N15: =p_micro!C12 -> 0
B16: =_xlfn.NUMBERVALUE(solar!B13) -> 19 | C16: =solar!C13 -> 0 | D16: 12 | E16: 12 | F16: =IFERROR(INDEX($B$5:$C$173, MATCH($E16, $B$5:$B$175, 0), 2), 0)*investment!$C$2 -> 0 | G16: =demand!C14 -> 0 | H16: =solgen!C14 -> 0 | I16: =import!C14 -> 0 | J16: =-export!C14 -> 0 | K16: =-charge!C14 -> 0 | L16: =discharge!C14 -> 0 | M16: =soc!C14/investment!$E$2 *100 -> 6.4809441e-06 | N16: =p_micro!C13 -> 0
... B172: =_xlfn.NUMBERVALUE(solar!B169) -> 0 | C172: =solar!C169 -> 0 | D172: 24 | E172: 168 | F172: =IFERROR(INDEX($B$5:$C$173, MATCH($E172, $B$5:$B$175, 0), 2), 0)*investment!$C$2 -> 0 | G172: =demand!C170 -> 0 | H172: =solgen!C170 -> 0 | I172: =import!C170 -> 0 | J172: =-export!C170 -> 0 | K172: =-charge!C170 -> 0 | L172: =discharge!C170 -> 0 | M172: =soc!C170/investment!$E$2 *100 -> 99.993 | N172: =p_micro!C169 -> 0

Sheet NG2
B2: NG= | C2: 2 | D2: Nanogrid 2
B4: PV hours | D4: timestep | E4: solar 1 | F4: demand 1 | G4: solgen 1 | H4: import 1 | I4: export 1 | J4: charge 1 | K4: discha 1 | L4: SoC 1
B5: =_xlfn.NUMBERVALUE(solar!B2) -> 8 | C5: =solar!C2 -> 0 | D5: 1 | E5: =IFERROR(INDEX($B$5:$C$173, MATCH($D5, $B$5:$B$175, 0), 2), 0)*investment!$C$3 -> 0 | F5: =demand!D3 -> 0 | G5: =solgen!D3 -> 0 | H5: =import!D3 -> 0 | I5: =-export!D3 -> 0 | J5: =-charge!D3 -> 0 | K5: =discharge!D3 -> 0 | L5: =soc!D3/investment!$E$3 *100 -> 70
B6: =_xlfn.NUMBERVALUE(solar!B3) -> 9 | C6: =solar!C3 -> 0 | D6: 2 | E6: =IFERROR(INDEX($B$5:$C$173, MATCH($D6, $B$5:$B$175, 0), 2), 0)*investment!$C$3 -> 0 | F6: =demand!D4 -> 0 | G6: =solgen!D4 -> 0 | H6: =import!D4 -> 0 | I6: =-export!D4 -> 0 | J6: =-charge!D4 -> 0 | K6: =discharge!D4 -> 0 | L6: =soc!D4/investment!$E$3 *100 -> 69.9993
B7: =_xlfn.NUMBERVALUE(solar!B4) -> 10 | C7: =solar!C4 -> 0 | D7: 3 | E7: =IFERROR(INDEX($B$5:$C$173, MATCH($D7, $B$5:$B$175, 0), 2), 0)*investment!$C$3 -> 0 | F7: =demand!D5 -> 0 | G7: =solgen!D5 -> 0 | H7: =import!D5 -> 0 | I7: =-export!D5 -> 0 | J7: =-charge!D5 -> 0 | K7: =discharge!D5 -> 0 | L7: =soc!D5/investment!$E$3 *100 -> 69.9986
B8: =_xlfn.NUMBERVALUE(solar!B5) -> 11 | C8: =solar!C5 -> 0 | D8: 4 | E8: =IFERROR(INDEX($B$5:$C$173, MATCH($D8, $B$5:$B$175, 0), 2), 0)*investment!$C$3 -> 0 | F8: =demand!D6 -> 0 | G8: =solgen!D6 -> 0 | H8: =import!D6 -> 0 | I8: =-export!D6 -> 0 | J8: =-charge!D6 -> 0 | K8: =discharge!D6 -> 0 | L8: =soc!D6/investment!$E$3 *100 -> 68.384528
B9: =_xlfn.NUMBERVALUE(solar!B6) -> 12 | C9: =solar!C6 -> 0 | D9: 5 | E9: =IFERROR(INDEX($B$5:$C$173, MATCH($D9, $B$5:$B$175, 0), 2), 0)*investment!$C$3 -> 0 | F9: =demand!D7 -> 0 | G9: =solgen!D7 -> 0 | H9: =import!D7 -> 0 | I9: =-export!D7 -> 0 | J9: =-charge!D7 -> 0 | K9: =discharge!D7 -> 0 | L9: =soc!D7/investment!$E$3 *100 -> 63.543727
B10: =_xlfn.NUMBERVALUE(solar!B7) -> 13 | C10: =solar!C7 -> 0 | D10: 6 | E10: =IFERROR(INDEX($B$5:$C$173, MATCH($D10, $B$5:$B$175, 0), 2), 0)*investment!$C$3 -> 0 | F10: =demand!D8 -> 0 | G10: =solgen!D8 -> 0 | H10: =import!D8 -> 0 | I10: =-export!D8 -> 0 | J10: =-charge!D8 -> 0 | K10: =discharge!D8 -> 0 | L10: =soc!D8/investment!$E$3 *100 -> 58.702974
B11: =_xlfn.NUMBERVALUE(solar!B8) -> 14 | C11: =solar!C8 -> 0 | D11: 7 | E11: =IFERROR(INDEX($B$5:$C$173, MATCH($D11, $B$5:$B$175, 0), 2), 0)*investment!$C$3 -> 0 | F11: =demand!D9 -> 0 | G11: =solgen!D9 -> 0 | H11: =import!D9 -> 0 | I11: =-export!D9 -> 0 | J11: =-charge!D9 -> 0 | K11: =discharge!D9 -> 0 | L11: =soc!D9/investment!$E$3 *100 -> 53.86227
B12: =_xlfn.NUMBERVALUE(solar!B9) -> 15 | C12: =solar!C9 -> 0 | D12: 8 | E12: =IFERROR(INDEX($B$5:$C$173, MATCH($D12, $B$5:$B$175, 0), 2), 0)*investment!$C$3 -> 0 | F12: =demand!D10 -> 0 | G12: =solgen!D10 -> 0 | H12: =import!D10 -> 0 | I12: =-export!D10 -> 0 | J12: =-charge!D10 -> 0 | K12: =discharge!D10 -> 0 | L12: =soc!D10/investment!$E$3 *100 -> 49.021614
B13: =_xlfn.NUMBERVALUE(solar!B10) -> 16 | C13: =solar!C10 -> 0 | D13: 9 | E13: =IFERROR(INDEX($B$5:$C$173, MATCH($D13, $B$5:$B$175, 0), 2), 0)*investment!$C$3 -> 0 | F13: =demand!D11 -> 0 | G13: =solgen!D11 -> 0 | H13: =import!D11 -> 0 | I13: =-export!D11 -> 0 | J13: =-charge!D11 -> 0 | K13: =discharge!D11 -> 0 | L13: =soc!D11/investment!$E$3 *100 -> 44.181007
B14: =_xlfn.NUMBERVALUE(solar!B11) -> 17 | C14: =solar!C11 -> 0 | D14: 10 | E14: =IFERROR(INDEX($B$5:$C$173, MATCH($D14, $B$5:$B$175, 0), 2), 0)*investment!$C$3 -> 0 | F14: =demand!D12 -> 0 | G14: =solgen!D12 -> 0 | H14: =import!D12 -> 0 | I14: =-export!D12 -> 0 | J14: =-charge!D12 -> 0 | K14: =discharge!D12 -> 0 | L14: =soc!D12/investment!$E$3 *100 -> 39.340448
B15: =_xlfn.NUMBERVALUE(solar!B12) -> 18 | C15: =solar!C12 -> 0 | D15: 11 | E15: =IFERROR(INDEX($B$5:$C$173, MATCH($D15, $B$5:$B$175, 0), 2), 0)*investment!$C$3 -> 0 | F15: =demand!D13 -> 0 | G15: =solgen!D13 -> 0 | H15: =import!D13 -> 0 | I15: =-export!D13 -> 0 | J15: =-charge!D13 -> 0 | K15: =discharge!D13 -> 0 | L15: =soc!D13/investment!$E$3 *100 -> 34.499938
B16: =_xlfn.NUMBERVALUE(solar!B13) -> 19 | C16: =solar!C13 -> 0 | D16: 12 | E16: =IFERROR(INDEX($B$5:$C$173, MATCH($D16, $B$5:$B$175, 0), 2), 0)*investment!$C$3 -> 0 | F16: =demand!D14 -> 0 | G16: =solgen!D14 -> 0 | H16: =import!D14 -> 0 | I16: =-export!D14 -> 0 | J16: =-charge!D14 -> 0 | K16: =discharge!D14 -> 0 | L16: =soc!D14/investment!$E$3 *100 -> 29.659476
... B172: =_xlfn.NUMBERVALUE(solar!B169) -> 0 | C172: =solar!C169 -> 0 | D172: 168 | E172: =IFERROR(INDEX($B$5:$C$173, MATCH($D172, $B$5:$B$175, 0), 2), 0)*investment!$C$3 -> 0 | F172: =demand!D170 -> 0 | G172: =solgen!D170 -> 0 | H172: =import!D170 -> 0 | I172: =-export!D170 -> 0 | J172: =-charge!D170 -> 0 | K172: =discharge!D170 -> 0 | L172: =soc!D170/investment!$E$3 *100 -> 99.997

Sheet NG3
B2: NG= | C2: 3 | D2: Nanogrid 3
B4: PV hours | D4: timestep | E4: solar 1 | F4: demand 1 | G4: solgen 1 | H4: import 1 | I4: export 1 | J4: charge 1 | K4: discha 1 | L4: SoC 1
B5: =_xlfn.NUMBERVALUE(solar!B2) -> 8 | C5: =solar!C2 -> 0 | D5: 1 | E5: =IFERROR(INDEX($B$5:$C$173, MATCH($D5, $B$5:$B$175, 0), 2), 0)*investment!$C$4 -> 0 | F5: =demand!E3 -> 0 | G5: =solgen!E3 -> 0 | H5: =import!E3 -> 0 | I5: =-export!E3 -> 0 | J5: =-charge!E3 -> 0 | K5: =discharge!E3 -> 0 | L5: =soc!E3/investment!$E$4 *100 -> 69.672828
B6: =_xlfn.NUMBERVALUE(solar!B3) -> 9 | C6: =solar!C3 -> 0 | D6: 2 | E6: =IFERROR(INDEX($B$5:$C$173, MATCH($D6, $B$5:$B$175, 0), 2), 0)*investment!$C$4 -> 0 | F6: =demand!E4 -> 0 | G6: =solgen!E4 -> 0 | H6: =import!E4 -> 0 | I6: =-export!E4 -> 0 | J6: =-charge!E4 -> 0 | K6: =discharge!E4 -> 0 | L6: =soc!E4/investment!$E$4 *100 -> 69.517894
B7: =_xlfn.NUMBERVALUE(solar!B4) -> 10 | C7: =solar!C4 -> 0 | D7: 3 | E7: =IFERROR(INDEX($B$5:$C$173, MATCH($D7, $B$5:$B$175, 0), 2), 0)*investment!$C$4 -> 0 | F7: =demand!E5 -> 0 | G7: =solgen!E5 -> 0 | H7: =import!E5 -> 0 | I7: =-export!E5 -> 0 | J7: =-charge!E5 -> 0 | K7: =discharge!E5 -> 0 | L7: =soc!E5/investment!$E$4 *100 -> 69.320896
B8: =_xlfn.NUMBERVALUE(solar!B5) -> 11 | C8: =solar!C5 -> 0 | D8: 4 | E8: =IFERROR(INDEX($B$5:$C$173, MATCH($D8, $B$5:$B$175, 0), 2), 0)*investment!$C$4 -> 0 | F8: =demand!E6 -> 0 | G8: =solgen!E6 -> 0 | H8: =import!E6 -> 0 | I8: =-export!E6 -> 0 | J8: =-charge!E6 -> 0 | K8: =discharge!E6 -> 0 | L8: =soc!E6/investment!$E$4 *100 -> 68.444701
B9: =_xlfn.NUMBERVALUE(solar!B6) -> 12 | C9: =solar!C6 -> 0 | D9: 5 | E9: =IFERROR(INDEX($B$5:$C$173, MATCH($D9, $B$5:$B$175, 0), 2), 0)*investment!$C$4 -> 0 | F9: =demand!E7 -> 0 | G9: =solgen!E7 -> 0 | H9: =import!E7 -> 0 | I9: =-export!E7 -> 0 | J9: =-charge!E7 -> 0 | K9: =discharge!E7 -> 0 | L9: =soc!E7/investment!$E$4 *100 -> 67.346821
B10: =_xlfn.NUMBERVALUE(solar!B7) -> 13 | C10: =solar!C7 -> 0 | D10: 6 | E10: =IFERROR(INDEX($B$5:$C$173, MATCH($D10, $B$5:$B$175, 0), 2), 0)*investment!$C$4 -> 0 | F10: =demand!E8 -> 0 | G10: =solgen!E8 -> 0 | H10: =import!E8 -> 0 | I10: =-export!E8 -> 0 | J10: =-charge!E8 -> 0 | K10: =discharge!E8 -> 0 | L10: =soc!E8/investment!$E$4 *100 -> 66.634784
B11: =_xlfn.NUMBERVALUE(solar!B8) -> 14 | C11: =solar!C8 -> 0 | D11: 7 | E11: =IFERROR(INDEX($B$5:$C$173, MATCH($D11, $B$5:$B$175, 0), 2), 0)*investment!$C$4 -> 0 | F11: =demand!E9 -> 0 | G11: =solgen!E9 -> 0 | H11: =import!E9 -> 0 | I11: =-export!E9 -> 0 | J11: =-charge!E9 -> 0 | K11: =discharge!E9 -> 0 | L11: =soc!E9/investment!$E$4 *100 -> 65.539965
B12: =_xlfn.NUMBERVALUE(solar!B9) -> 15 | C12: =solar!C9 -> 0 | D12: 8 | E12: =IFERROR(INDEX($B$5:$C$173, MATCH($D12, $B$5:$B$175, 0), 2), 0)*investment!$C$4 -> 0 | F12: =demand!E10 -> 0 | G12: =solgen!E10 -> 0 | H12: =import!E10 -> 0 | I12: =-export!E10 -> 0 | J12: =-charge!E10 -> 0 | K12: =discharge!E10 -> 0 | L12: =soc!E10/investment!$E$4 *100 -> 64.808549
B13: =_xlfn.NUMBERVALUE(solar!B10) -> 16 | C13: =solar!C10 -> 0 | D13: 9 | E13: =IFERROR(INDEX($B$5:$C$173, MATCH($D13, $B$5:$B$175, 0), 2), 0)*investment!$C$4 -> 0 | F13: =demand!E11 -> 0 | G13: =solgen!E11 -> 0 | H13: =import!E11 -> 0 | I13: =-export!E11 -> 0 | J13: =-charge!E11 -> 0 | K13: =discharge!E11 -> 0 | L13: =soc!E11/investment!$E$4 *100 -> 63.696689
B14: =_xlfn.NUMBERVALUE(solar!B11) -> 17 | C14: =solar!C11 -> 0 | D14: 10 | E14: =IFERROR(INDEX($B$5:$C$173, MATCH($D14, $B$5:$B$175, 0), 2), 0)*investment!$C$4 -> 0 | F14: =demand!E12 -> 0 | G14: =solgen!E12 -> 0 | H14: =import!E12 -> 0 | I14: =-export!E12 -> 0 | J14: =-charge!E12 -> 0 | K14: =discharge!E12 -> 0 | L14: =soc!E12/investment!$E$4 *100 -> 62.980247
B15: =_xlfn.NUMBERVALUE(solar!B12) -> 18 | C15: =solar!C12 -> 0 | D15: 11 | E15: =IFERROR(INDEX($B$5:$C$173, MATCH($D15, $B$5:$B$175, 0), 2), 0)*investment!$C$4 -> 0 | F15: =demand!E13 -> 0 | G15: =solgen!E13 -> 0 | H15: =import!E13 -> 0 | I15: =-export!E13 -> 0 | J15: =-charge!E13 -> 0 | K15: =discharge!E13 -> 0 | L15: =soc!E13/investment!$E$4 *100 -> 62.495869
B16: =_xlfn.NUMBERVALUE(solar!B13) -> 19 | C16: =solar!C13 -> 0 | D16: 12 | E16: =IFERROR(INDEX($B$5:$C$173, MATCH($D16, $B$5:$B$175, 0), 2), 0)*investment!$C$4 -> 0 | F16: =demand!E14 -> 0 | G16: =solgen!E14 -> 0 | H16: =import!E14 -> 0 | I16: =-export!E14 -> 0 | J16: =-charge!E14 -> 0 | K16: =discharge!E14 -> 0 | L16: =soc!E14/investment!$E$4 *100 -> 61.538035
... B172: =_xlfn.NUMBERVALUE(solar!B169) -> 0 | C172: =solar!C169 -> 0 | D172: 168 | E172: =IFERROR(INDEX($B$5:$C$173, MATCH($D172, $B$5:$B$175, 0), 2), 0)*investment!$C$4 -> 0 | F172: =demand!E170 -> 0 | G172: =solgen!E170 -> 0 | H172: =import!E170 -> 0 | I172: =-export!E170 -> 0 | J172: =-charge!E170 -> 0 | K172: =discharge!E170 -> 0 | L172: =soc!E170/investment!$E$4 *100 -> 79.788488

Sheet Input par
B2: * spec. solar investment 730 euro/kWp for 20 years lifetime (from my paper) -> 0.1 euro/kW per day
B3: * spec. solar investment 540 euro/kWh for 20 years lifetime (from Leas master) -> 0.074 euro/kW per day
B4: c_S(i) /1 0.7
B5: 2 0.7
B6: 3 0.7
B7: /
B8: * spec. battery investment 192 euro/kWh for 5 years lifetime (from my paper) -> 0.1 euro/kWh per day
B9: * spec. battery investment 1900 euro/kWh for 5 years lifetime (from my paper) -> 1.04 euro/kWh per day
B10: c_B(i) / 1 7.28
B11: 2 7.28
B12: 3 7.28
B13: /
... B49: ;

Sheet p_nano
B2: 1 | C2: 0.001316999 | D2: 0.001117005 | E2: 0.001117005 | G2: =MAX(C2:F673) -> 0.42796599
B3: 2 | C3: 0.0013170072 | D3: 0.0011170112 | E3: 0.0011170112
B4: 3 | C4: 0.0013170153 | D4: 0.0013169853 | E4: 0.0011170173
B5: 4 | C5: 0.0013170235 | D5: 0.0013169935 | E5: 0.0011170235
B6: 5 | C6: 0.0013170297 | D6: 0.0013170017 | E6: 0.0011170297
B7: 6 | C7: 0.0013170356 | D7: 0.0013170099 | E7: 0.0011170359
B8: 7 | C8: 0.001317042 | D8: 0.001317018 | E8: 0.001117042
B9: 8 | C9: 0.001317048 | D9: 0.0013170262 | E9: 0.0011170482
B10: 9 | C10: 0.0013170544 | D10: 0.0013170344 | E10: 0.0011170544
B11: 10 | C11: 0.0013170605 | D11: 0.0013170425 | E11: 0.0011170605
B12: 11 | C12: 0.0013170667 | D12: 0.0013170507 | E12: 0.0011170667
B13: 12 | C13: 0.0013170461 | D13: 0.0013170589 | E13: 0.0011170729
B14: 13 | C14: 0.001317079 | D14: 0.001317067 | E14: 0.001117079
... B673: 672 | C673: 0.0005 | D673: 0.0005 | E673: 0.0005
