Workbook

Sheet solar
B2: 1 | C2: 0
B3: 2 | C3: 0
B4: 3 | C4: 0
B5: 4 | C5: 0
B6: 5 | C6: 0
B7: 6 | C7: 0
B8: 7 | C8: 0
B9: 8 | C9: 0
B10: 9 | C10: 0
B11: 10 | C11: 0
B12: 11 | C12: 0
B13: 12 | C13: 0
... B673: 672 | C673: 0

Sheet demand
B3: 1 | C3: 0.048009867 | D3: 0.201542 | E3: 0.16600947
B4: 2 | C4: 0.19354193 | D4: 0.158008 | E4: 0.16714187
B5: 3 | C5: 0.22074107 | D5: 0.1938726 | E5: 0.25167167
B6: 4 | C6: 0.2126704 | D6: 0.25293627 | E6: 0.0791374
B7: 5 | C7: 0.21700173 | D7: 0.10140033 | E7: 0.31793467
B8: 6 | C8: 0.1589342 | D8: 0.2694672 | E8: 0.067467133
B9: 7 | C9: 0.21613387 | D9: 0.087200533 | E9: 0.077534733
B10: 8 | C10: 0.16446733 | D10: 0.1680018 | E10: 0.13793447
B11: 9 | C11: 0.22100047 | D11: 0.18233447 | E11: 0.097534067
B12: 10 | C12: 0.16020107 | D12: 0.047467467 | E12: 0.27193347
B13: 11 | C13: 0.084667133 | D13: 0.1736674 | E13: 0.150667
B14: 12 | C14: 0.2064 | D14: 0.2544672 | E14: 0.269
... B674: 672 | C674: 0.21501667 | D674: 0.075277 | E674: 0.19421713

Sheet investment
B2: 1 | C2: 2.4450542 | E2: 4.1436869
B3: 2 | C3: 2.1774824 | E3: 4.5364316
B4: 3 | C4: 2.5660203 | E4: 4.3689137
C6: =SUM(C2:C4) -> 7.1885569 | E6: =SUM(E2:E4) -> 13.049032
B7: avoided size | C7: =(7.215-C6)/C6 -> 0.003678499 | E7: =(12.921-E6)/E6 -> -0.0098116212
B9: AVIN | C9: =((C6-7.215)*0.518+(E6-12.921)*0.384)/(0.518*C6+0.384*E6) -> 0.0040605439

Sheet profit
B2: 9.9113458e-06 | D2: 1 | E2: 6.9980535e-06 | F2: 8.8121629 | H2: 1 | I2: 2.8837092
D3: 2 | E3: 1.829167e-06 | H3: 2 | I3: 2.8957067
D4: 3 | E4: 1.0841253e-06 | H4: 3 | I4: 3.0327471
F6: =F2-(0.518*investment!C6+0.384*investment!E6) -> 0.077662109

Sheet solgen
B3: 1 | C3: 0 | D3: 0 | E3: 0
B4: 2 | C4: 0 | D4: 0 | E4: 0
B5: 3 | C5: 0 | D5: 0 | E5: 0
B6: 4 | C6: 0 | D6: 0 | E6: 0
B7: 5 | C7: 0 | D7: 0 | E7: 0
B8: 6 | C8: 0 | D8: 0 | E8: 0
B9: 7 | C9: 0 | D9: 0 | E9: 0
B10: 8 | C10: 0 | D10: 0 | E10: 0
B11: 9 | C11: 0 | D11: 0 | E11: 0
B12: 10 | C12: 0 | D12: 0 | E12: 0
B13: 11 | C13: 0 | D13: 0 | E13: 0
B14: 12 | C14: 0 | D14: 0 | E14: 0
... B674: 672 | C674: 0 | D674: 0 | E674: 0

Sheet import
B3: 1 | C3: 9.9939069e-12 | D3: 4.4513344e-12 | E3: 2.2577786e-12
B4: 2 | C4: 9.6466167e-12 | D4: 4.2795939e-12 | E4: 2.1832576e-12
B5: 3 | C5: 9.4547887e-12 | D5: 4.1847258e-12 | E5: 2.1421304e-12
B6: 4 | C6: 9.2629571e-12 | D6: 4.089859e-12 | E6: 2.1010003e-12
B7: 5 | C7: 9.0711268e-12 | D7: 3.994991e-12 | E7: 2.059869e-12
B8: 6 | C8: 8.8792953e-12 | D8: 3.9001206e-12 | E8: 2.018743e-12
B9: 7 | C9: 8.6874649e-12 | D9: 3.8052561e-12 | E9: 1.9776135e-12
B10: 8 | C10: 8.4956345e-12 | D10: 3.7103881e-12 | E10: 1.9364851e-12
B11: 9 | C11: 8.3038042e-12 | D11: 3.6155212e-12 | E11: 1.8953561e-12
B12: 10 | C12: 8.1119727e-12 | D12: 3.5206532e-12 | E12: 1.8542283e-12
B13: 11 | C13: 7.9201411e-12 | D13: 3.4257864e-12 | E13: 1.8130977e-12
B14: 12 | C14: 7.7283108e-12 | D14: 3.3309195e-12 | E14: 1.771967e-12
... B674: 672 | C674: 4.6566129e-18 | D674: 5.2386895e-18 | E674: 0

Sheet export
B3: 1 | C3: 0 | D3: 0 | E3: 0
B4: 2 | C4: 0 | D4: 0 | E4: 0
B5: 3 | C5: 0 | D5: 0 | E5: 0
B6: 4 | C6: 0 | D6: 0 | E6: 0
B7: 5 | C7: 0 | D7: 0 | E7: 0
B8: 6 | C8: 0 | D8: 0 | E8: 0
B9: 7 | C9: 0 | D9: 0 | E9: 0
B10: 8 | C10: 0 | D10: 0 | E10: 0
B11: 9 | C11: 0 | D11: 0 | E11: 0
B12: 10 | C12: 0 | D12: 0 | E12: 0
B13: 11 | C13: 0 | D13: 0 | E13: 0
B14: 12 | C14: 0 | D14: 0 | E14: 0
... B674: 672 | C674: 0 | D674: 0 | E674: 7.4505806e-17

Sheet charge
B3: 1 | C3: 0 | D3: 0 | E3: 0
B4: 2 | C4: 0 | D4: 0 | E4: 0
B5: 3 | C5: 0 | D5: 0 | E5: 0
B6: 4 | C6: 0 | D6: 0 | E6: 0
B7: 5 | C7: 0 | D7: 0 | E7: 0
B8: 6 | C8: 0 | D8: 0 | E8: 0
B9: 7 | C9: 0 | D9: 0 | E9: 0
B10: 8 | C10: 0 | D10: 0 | E10: 0
B11: 9 | C11: 0 | D11: 0 | E11: 0
B12: 10 | C12: 0 | D12: 0 | E12: 0
B13: 11 | C13: 0 | D13: 0 | E13: 0
B14: 12 | C14: 0 | D14: 0 | E14: 0
... B674: 672 | C674: 0 | D674: 0 | E674: 7.4505806e-17

Sheet discharge
B3: 1 | C3: 0.012002467 | D3: 0.0503855 | E3: 0.041502367
B4: 2 | C4: 0.048385483 | D4: 0.039502 | E4: 0.041785467
B5: 3 | C5: 0.055185267 | D5: 0.04846815 | E5: 0.062917917
B6: 4 | C6: 0.0531676 | D6: 0.063234067 | E6: 0.01978435
B7: 5 | C7: 0.054250433 | D7: 0.025350083 | E7: 0.079483667
B8: 6 | C8: 0.03973355 | D8: 0.0673668 | E8: 0.016866783
B9: 7 | C9: 0.054033467 | D9: 0.021800133 | E9: 0.019383683
B10: 8 | C10: 0.041116833 | D10: 0.04200045 | E10: 0.034483617
B11: 9 | C11: 0.055250117 | D11: 0.045583617 | E11: 0.024383517
B12: 10 | C12: 0.040050267 | D12: 0.011866867 | E12: 0.067983367
B13: 11 | C13: 0.021166783 | D13: 0.04341685 | E13: 0.03766675
B14: 12 | C14: 0.0516 | D14: 0.0636168 | E14: 0.06725
... B674: 672 | C674: 0.053754167 | D674: 0.01881925 | E674: 0.048554283

Sheet soc
B3: 1 | C3: 2.8872447 | D3: 3.1195183 | E3: 3.0121258
B4: 2 | C4: 2.8334542 | D4: 3.0755959 | E4: 2.9656674
B5: 3 | C5: 2.7721089 | D5: 3.0217117 | E5: 2.895729
B6: 4 | C6: 2.7130061 | D6: 2.9514214 | E6: 2.8737174
B7: 5 | C7: 2.6527007 | D7: 2.9232251 | E7: 2.7853735
B8: 6 | C8: 2.6085258 | D8: 2.8483439 | E8: 2.7666047
B9: 7 | C9: 2.5484625 | D9: 2.824093 | E9: 2.7450396
B10: 8 | C10: 2.5027516 | D10: 2.7773976 | E10: 2.7066971
B11: 9 | C11: 2.4413376 | D11: 2.7267214 | E11: 2.6795772
B12: 10 | C12: 2.3968129 | D12: 2.7135087 | E12: 2.6040133
B13: 11 | C13: 2.3732703 | D13: 2.6652406 | E13: 2.5621354
B14: 12 | C14: 2.3159132 | D14: 2.5945287 | E14: 2.4873875
... B674: 672 | C674: 2.9005808 | D674: 3.1755021 | E674: 3.0582396

Sheet p_micro
B2: 1 | C2: 0
B3: 2 | C3: 0
B4: 3 | C4: 0
B5: 4 | C5: 0
B6: 5 | C6: 0
B7: 6 | C7: 0
B8: 7 | C8: 0
B9: 8 | C9: 0
B10: 9 | C10: 0
B11: 10 | C11: 0
B12: 11 | C12: 0
B13: 12 | C13: 0
... B673: 672 | C673: 0

Sheet NG1
B2: NG= | C2: 1 | E2: Nanogrid 1
B4: PV hours | D4: For plot | E4: timestep | F4: solar 1 | G4: demand 1 | H4: solgen 1 | I4: import 1 | J4: export 1 | K4: charge 1 | L4: discha 1 | M4: SoC 1 | N4: p_micro
B5: =_xlfn.NUMBERVALUE(solar!B2) -> 8 | C5: =solar!C2 -> 0 | D5: 1 | E5: 1 | F5: =IFERROR(INDEX($B$5:$C$173, MATCH($E5, $B$5:$B$175, 0), 2), 0)*investment!$C$2 -> 0 | G5: =demand!C3 -> 0 | H5: =solgen!C3 -> 0 | I5: =import!C3 -> 0 | J5: =-export!C3 -> 0 | K5: =-charge!C3 -> 0 | L5: =discharge!C3 -> 0 | M5: =soc!C3/investment!$E$2 *100 -> 65.447086 | N5: =p_micro!C2 -> 0
B6: =_xlfn.NUMBERVALUE(solar!B3) -> 9 | C6: =solar!C3 -> 0 | D6: 2 | E6: 2 | F6: =IFERROR(INDEX($B$5:$C$173, MATCH($E6, $B$5:$B$175, 0), 2), 0)*investment!$C$2 -> 0 | G6: =demand!C4 -> 0 | H6: =solgen!C4 -> 0 | I6: =import!C4 -> 0 | J6: =-export!C4 -> 0 | K6: =-charge!C4 -> 0 | L6: =discharge!C4 -> 0 | M6: =soc!C4/investment!$E$2 *100 -> 60.343266 | N6: =p_micro!C3 -> 0
B7: =_xlfn.NUMBERVALUE(solar!B4) -> 10 | C7: =solar!C4 -> 0 | D7: 3 | E7: 3 | F7: =IFERROR(INDEX($B$5:$C$173, MATCH($E7, $B$5:$B$175, 0), 2), 0)*investment!$C$2 -> 0 | G7: =demand!C5 -> 0 | H7: =solgen!C5 -> 0 | I7: =import!C5 -> 0 | J7: =-export!C5 -> 0 | K7: =-charge!C5 -> 0 | L7: =discharge!C5 -> 0 | M7: =soc!C5/investment!$E$2 *100 -> 55.807925 | N7: =p_micro!C4 -> 0
B8: =_xlfn.NUMBERVALUE(solar!B5) -> 11 | C8: =solar!C5 -> 0 | D8: 4 | E8: 4 | F8: =IFERROR(INDEX($B$5:$C$173, MATCH($E8, $B$5:$B$175, 0), 2), 0)*investment!$C$2 -> 0 | G8: =demand!C6 -> 0 | H8: =solgen!C6 -> 0 | I8: =import!C6 -> 0 | J8: =-export!C6 -> 0 | K8: =-charge!C6 -> 0 | L8: =discharge!C6 -> 0 | M8: =soc!C6/investment!$E$2 *100 -> 48.219205 | N8: =p_micro!C5 -> 0
B9: =_xlfn.NUMBERVALUE(solar!B6) -> 12 | C9: =solar!C6 -> 0 | D9: 5 | E9: 5 | F9: =IFERROR(INDEX($B$5:$C$173, MATCH($E9, $B$5:$B$175, 0), 2), 0)*investment!$C$2 -> 0 | G9: =demand!C7 -> 0 | H9: =solgen!C7 -> 0 | I9: =import!C7 -> 0 | J9: =-export!C7 -> 0 | K9: =-charge!C7 -> 0 | L9: =discharge!C7 -> 0 | M9: =soc!C7/investment!$E$2 *100 -> 42.532754 | N9: =p_micro!C6 -> 0
B10: =_xlfn.NUMBERVALUE(solar!B7) -> 13 | C10: =solar!C7 -> 0 | D10: 6 | E10: 6 | F10: =IFERROR(INDEX($B$5:$C$173, MATCH($E10, $B$5:$B$175, 0), 2), 0)*investment!$C$2 -> 0 | G10: =demand!C8 -> 0 | H10: =solgen!C8 -> 0 | I10: =import!C8 -> 0 | J10: =-export!C8 -> 0 | K10: =-charge!C8 -> 0 | L10: =discharge!C8 -> 0 | M10: =soc!C8/investment!$E$2 *100 -> 35.320664 | N10: =p_micro!C7 -> 0
B11: =_xlfn.NUMBERVALUE(solar!B8) -> 14 | C11: =solar!C8 -> 0 | D11: 7 | E11: 7 | F11: =IFERROR(INDEX($B$5:$C$173, MATCH($E11, $B$5:$B$175, 0), 2), 0)*investment!$C$2 -> 0 | G11: =demand!C9 -> 0 | H11: =solgen!C9 -> 0 | I11: =import!C9 -> 0 | J11: =-export!C9 -> 0 | K11: =-charge!C9 -> 0 | L11: =discharge!C9 -> 0 | M11: =soc!C9/investment!$E$2 *100 -> 28.870118 | N11: =p_micro!C8 -> 0
B12: =_xlfn.NUMBERVALUE(solar!B9) -> 15 | C12: =solar!C9 -> 0 | D12: 8 | E12: 8 | F12: =IFERROR(INDEX($B$5:$C$173, MATCH($E12, $B$5:$B$175, 0), 2), 0)*investment!$C$2 -> 0 | G12: =demand!C10 -> 0 | H12: =solgen!C10 -> 0 | I12: =import!C10 -> 0 | J12: =-export!C10 -> 0 | K12: =-charge!C10 -> 0 | L12: =discharge!C10 -> 0 | M12: =soc!C10/investment!$E$2 *100 -> 29.036506 | N12: =p_micro!C9 -> 0
B13: =_xlfn.NUMBERVALUE(solar!B10) -> 16 | C13: =solar!C10 -> 0 | D13: 9 | E13: 9 | F13: =IFERROR(INDEX($B$5:$C$173, MATCH($E13, $B$5:$B$175, 0), 2), 0)*investment!$C$2 -> 0 | G13: =demand!C11 -> 0 | H13: =solgen!C11 -> 0 | I13: =import!C11 -> 0 | J13: =-export!C11 -> 0 | K13: =-charge!C11 -> 0 | L13: =discharge!C11 -> 0 | M13: =soc!C11/investment!$E$2 *100 -> 29.036216 | N13: =p_micro!C10 -> 0
B14: =_xlfn.NUMBERVALUE(solar!B11) -> 17 | C14: =solar!C11 -> 0 | D14: 10 | E14: 10 | F14: =IFERROR(INDEX($B$5:$C$173, MATCH($E14, $B$5:$B$175, 0), 2), 0)*investment!$C$2 -> 0 | G14: =demand!C12 -> 0 | H14: =solgen!C12 -> 0 | I14: =import!C12 -> 0 | J14: =-export!C12 -> 0 | K14: =-charge!C12 -> 0 | L14: =discharge!C12 -> 0 | M14: =soc!C12/investment!$E$2 *100 -> 29.035926 | N14: =p_micro!C11 -> 0
B15: =_xlfn.NUMBERVALUE(solar!B12) -> 18 | C15: =solar!C12 -> 0 | D15: 11 | E15: 11 | F15: =IFERROR(INDEX($B$5:$C$173, MATCH($E15, $B$5:$B$175, 0), 2), 0)*investment!$C$2 -> 0 | G15: =demand!C13 -> 0 | H15: =solgen!C13 -> 0 | I15: =import!C13 -> 0 | J15: =-export!C13 -> 0 | K15: =-charge!C13 -> 0 | L15: =discharge!C13 -> 0 | M15: =soc!C13/investment!$E$2 *100 -> 29.035635 | N15: =p_micro!C12 -> 0
B16: =_xlfn.NUMBERVALUE(solar!B13) -> 19 | C16: =solar!C13 -> 0 | D16: 12 | E16: 12 | F16: =IFERROR(INDEX($B$5:$C$173, MATCH($E16, $B$5:$B$175, 0), 2), 0)*investment!$C$2 -> 0 | G16: =demand!C14 -> 0 | H16: =solgen!C14 -> 0 | I16: =import!C14 -> 0 | J16: =-export!C14 -> 0 | K16: =-charge!C14 -> 0 | L16: =discharge!C14 -> 0 | M16: =soc!C14/investment!$E$2 *100 -> 29.035345 | N16: =p_micro!C13 -> 0
... B172: =_xlfn.NUMBERVALUE(solar!B169) -> 0 | C172: =solar!C169 -> 0 | D172: 24 | E172: 168 | F172: =IFERROR(INDEX($B$5:$C$173, MATCH($E172, $B$5:$B$175, 0), 2), 0)*investment!$C$2 -> 0 | G172: =demand!C170 -> 0 | H172: =solgen!C170 -> 0 | I172: =import!C170 -> 0 | J172: =-export!C170 -> 0 | K172: =-charge!C170 -> 0 | L172: =discharge!C170 -> 0 | M172: =soc!C170/investment!$E$2 *100 -> 70 | N172: =p_micro!C169 -> 0

Sheet NG2
B2: NG= | C2: 2 | D2: Nanogrid 2
B4: PV hours | D4: timestep | E4: solar 1 | F4: demand 1 | G4: solgen 1 | H4: import 1 | I4: export 1 | J4: charge 1 | K4: discha 1 | L4: SoC 1
B5: =_xlfn.NUMBERVALUE(solar!B2) -> 8 | C5: =solar!C2 -> 0 | D5: 1 | E5: =IFERROR(INDEX($B$5:$C$173, MATCH($D5, $B$5:$B$175, 0), 2), 0)*investment!$C$3 -> 0 | F5: =demand!D3 -> 0 | G5: =solgen!D3 -> 0 | H5: =import!D3 -> 0 | I5: =-export!D3 -> 0 | J5: =-charge!D3 -> 0 | K5: =discharge!D3 -> 0 | L5: =soc!D3/investment!$E$3 *100 -> 69.280345
B6: =_xlfn.NUMBERVALUE(solar!B3) -> 9 | C6: =solar!C3 -> 0 | D6: 2 | E6: =IFERROR(INDEX($B$5:$C$173, MATCH($D6, $B$5:$B$175, 0), 2), 0)*investment!$C$3 -> 0 | F6: =demand!D4 -> 0 | G6: =solgen!D4 -> 0 | H6: =import!D4 -> 0 | I6: =-export!D4 -> 0 | J6: =-charge!D4 -> 0 | K6: =discharge!D4 -> 0 | L6: =soc!D4/investment!$E$3 *100 -> 60.643789
B7: =_xlfn.NUMBERVALUE(solar!B4) -> 10 | C7: =solar!C4 -> 0 | D7: 3 | E7: =IFERROR(INDEX($B$5:$C$173, MATCH($D7, $B$5:$B$175, 0), 2), 0)*investment!$C$3 -> 0 | F7: =demand!D5 -> 0 | G7: =solgen!D5 -> 0 | H7: =import!D5 -> 0 | I7: =-export!D5 -> 0 | J7: =-charge!D5 -> 0 | K7: =discharge!D5 -> 0 | L7: =soc!D5/investment!$E$3 *100 -> 52.00732
B8: =_xlfn.NUMBERVALUE(solar!B5) -> 11 | C8: =solar!C5 -> 0 | D8: 4 | E8: =IFERROR(INDEX($B$5:$C$173, MATCH($D8, $B$5:$B$175, 0), 2), 0)*investment!$C$3 -> 0 | F8: =demand!D6 -> 0 | G8: =solgen!D6 -> 0 | H8: =import!D6 -> 0 | I8: =-export!D6 -> 0 | J8: =-charge!D6 -> 0 | K8: =discharge!D6 -> 0 | L8: =soc!D6/investment!$E$3 *100 -> 43.370937
B9: =_xlfn.NUMBERVALUE(solar!B6) -> 12 | C9: =solar!C6 -> 0 | D9: 5 | E9: =IFERROR(INDEX($B$5:$C$173, MATCH($D9, $B$5:$B$175, 0), 2), 0)*investment!$C$3 -> 0 | F9: =demand!D7 -> 0 | G9: =solgen!D7 -> 0 | H9: =import!D7 -> 0 | I9: =-export!D7 -> 0 | J9: =-charge!D7 -> 0 | K9: =discharge!D7 -> 0 | L9: =soc!D7/investment!$E$3 *100 -> 34.734641
B10: =_xlfn.NUMBERVALUE(solar!B7) -> 13 | C10: =solar!C7 -> 0 | D10: 6 | E10: =IFERROR(INDEX($B$5:$C$173, MATCH($D10, $B$5:$B$175, 0), 2), 0)*investment!$C$3 -> 0 | F10: =demand!D8 -> 0 | G10: =solgen!D8 -> 0 | H10: =import!D8 -> 0 | I10: =-export!D8 -> 0 | J10: =-charge!D8 -> 0 | K10: =discharge!D8 -> 0 | L10: =soc!D8/investment!$E$3 *100 -> 32.593758
B11: =_xlfn.NUMBERVALUE(solar!B8) -> 14 | C11: =solar!C8 -> 0 | D11: 7 | E11: =IFERROR(INDEX($B$5:$C$173, MATCH($D11, $B$5:$B$175, 0), 2), 0)*investment!$C$3 -> 0 | F11: =demand!D9 -> 0 | G11: =solgen!D9 -> 0 | H11: =import!D9 -> 0 | I11: =-export!D9 -> 0 | J11: =-charge!D9 -> 0 | K11: =discharge!D9 -> 0 | L11: =soc!D9/investment!$E$3 *100 -> 33.114837
B12: =_xlfn.NUMBERVALUE(solar!B9) -> 15 | C12: =solar!C9 -> 0 | D12: 8 | E12: =IFERROR(INDEX($B$5:$C$173, MATCH($D12, $B$5:$B$175, 0), 2), 0)*investment!$C$3 -> 0 | F12: =demand!D10 -> 0 | G12: =solgen!D10 -> 0 | H12: =import!D10 -> 0 | I12: =-export!D10 -> 0 | J12: =-charge!D10 -> 0 | K12: =discharge!D10 -> 0 | L12: =soc!D10/investment!$E$3 *100 -> 33.114506
B13: =_xlfn.NUMBERVALUE(solar!B10) -> 16 | C13: =solar!C10 -> 0 | D13: 9 | E13: =IFERROR(INDEX($B$5:$C$173, MATCH($D13, $B$5:$B$175, 0), 2), 0)*investment!$C$3 -> 0 | F13: =demand!D11 -> 0 | G13: =solgen!D11 -> 0 | H13: =import!D11 -> 0 | I13: =-export!D11 -> 0 | J13: =-charge!D11 -> 0 | K13: =discharge!D11 -> 0 | L13: =soc!D11/investment!$E$3 *100 -> 33.114174
B14: =_xlfn.NUMBERVALUE(solar!B11) -> 17 | C14: =solar!C11 -> 0 | D14: 10 | E14: =IFERROR(INDEX($B$5:$C$173, MATCH($D14, $B$5:$B$175, 0), 2), 0)*investment!$C$3 -> 0 | F14: =demand!D12 -> 0 | G14: =solgen!D12 -> 0 | H14: =import!D12 -> 0 | I14: =-export!D12 -> 0 | J14: =-charge!D12 -> 0 | K14: =discharge!D12 -> 0 | L14: =soc!D12/investment!$E$3 *100 -> 33.113843
B15: =_xlfn.NUMBERVALUE(solar!B12) -> 18 | C15: =solar!C12 -> 0 | D15: 11 | E15: =IFERROR(INDEX($B$5:$C$173, MATCH($D15, $B$5:$B$175, 0), 2), 0)*investment!$C$3 -> 0 | F15: =demand!D13 -> 0 | G15: =solgen!D13 -> 0 | H15: =import!D13 -> 0 | I15: =-export!D13 -> 0 | J15: =-charge!D13 -> 0 | K15: =discharge!D13 -> 0 | L15: =soc!D13/investment!$E$3 *100 -> 33.113512
B16: =_xlfn.NUMBERVALUE(solar!B13) -> 19 | C16: =solar!C13 -> 0 | D16: 12 | E16: =IFERROR(INDEX($B$5:$C$173, MATCH($D16, $B$5:$B$175, 0), 2), 0)*investment!$C$3 -> 0 | F16: =demand!D14 -> 0 | G16: =solgen!D14 -> 0 | H16: =import!D14 -> 0 | I16: =-export!D14 -> 0 | J16: =-charge!D14 -> 0 | K16: =discharge!D14 -> 0 | L16: =soc!D14/investment!$E$3 *100 -> 33.113181
... B172: =_xlfn.NUMBERVALUE(solar!B169) -> 0 | C172: =solar!C169 -> 0 | D172: 168 | E172: =IFERROR(INDEX($B$5:$C$173, MATCH($D172, $B$5:$B$175, 0), 2), 0)*investment!$C$3 -> 0 | F172: =demand!D170 -> 0 | G172: =solgen!D170 -> 0 | H172: =import!D170 -> 0 | I172: =-export!D170 -> 0 | J172: =-charge!D170 -> 0 | K172: =discharge!D170 -> 0 | L172: =soc!D170/investment!$E$3 *100 -> 70

Sheet NG3
B2: NG= | C2: 3 | D2: Nanogrid 3
B4: PV hours | D4: timestep | E4: solar 1 | F4: demand 1 | G4: solgen 1 | H4: import 1 | I4: export 1 | J4: charge 1 | K4: discha 1 | L4: SoC 1
B5: =_xlfn.NUMBERVALUE(solar!B2) -> 8 | C5: =solar!C2 -> 0 | D5: 1 | E5: =IFERROR(INDEX($B$5:$C$173, MATCH($D5, $B$5:$B$175, 0), 2), 0)*investment!$C$4 -> 0 | F5: =demand!E3 -> 0 | G5: =solgen!E3 -> 0 | H5: =import!E3 -> 0 | I5: =-export!E3 -> 0 | J5: =-charge!E3 -> 0 | K5: =discharge!E3 -> 0 | L5: =soc!E3/investment!$E$4 *100 -> 66.948082
B6: =_xlfn.NUMBERVALUE(solar!B3) -> 9 | C6: =solar!C3 -> 0 | D6: 2 | E6: =IFERROR(INDEX($B$5:$C$173, MATCH($D6, $B$5:$B$175, 0), 2), 0)*investment!$C$4 -> 0 | F6: =demand!E4 -> 0 | G6: =solgen!E4 -> 0 | H6: =import!E4 -> 0 | I6: =-export!E4 -> 0 | J6: =-charge!E4 -> 0 | K6: =discharge!E4 -> 0 | L6: =soc!E4/investment!$E$4 *100 -> 63.285136
B7: =_xlfn.NUMBERVALUE(solar!B4) -> 10 | C7: =solar!C4 -> 0 | D7: 3 | E7: =IFERROR(INDEX($B$5:$C$173, MATCH($D7, $B$5:$B$175, 0), 2), 0)*investment!$C$4 -> 0 | F7: =demand!E5 -> 0 | G7: =solgen!E5 -> 0 | H7: =import!E5 -> 0 | I7: =-export!E5 -> 0 | J7: =-charge!E5 -> 0 | K7: =discharge!E5 -> 0 | L7: =soc!E5/investment!$E$4 *100 -> 59.883799
B8: =_xlfn.NUMBERVALUE(solar!B5) -> 11 | C8: =solar!C5 -> 0 | D8: 4 | E8: =IFERROR(INDEX($B$5:$C$173, MATCH($D8, $B$5:$B$175, 0), 2), 0)*investment!$C$4 -> 0 | F8: =demand!E6 -> 0 | G8: =solgen!E6 -> 0 | H8: =import!E6 -> 0 | I8: =-export!E6 -> 0 | J8: =-charge!E6 -> 0 | K8: =discharge!E6 -> 0 | L8: =soc!E6/investment!$E$4 *100 -> 56.744103
B9: =_xlfn.NUMBERVALUE(solar!B6) -> 12 | C9: =solar!C6 -> 0 | D9: 5 | E9: =IFERROR(INDEX($B$5:$C$173, MATCH($D9, $B$5:$B$175, 0), 2), 0)*investment!$C$4 -> 0 | F9: =demand!E7 -> 0 | G9: =solgen!E7 -> 0 | H9: =import!E7 -> 0 | I9: =-export!E7 -> 0 | J9: =-charge!E7 -> 0 | K9: =discharge!E7 -> 0 | L9: =soc!E7/investment!$E$4 *100 -> 53.517225
B10: =_xlfn.NUMBERVALUE(solar!B7) -> 13 | C10: =solar!C7 -> 0 | D10: 6 | E10: =IFERROR(INDEX($B$5:$C$173, MATCH($D10, $B$5:$B$175, 0), 2), 0)*investment!$C$4 -> 0 | F10: =demand!E8 -> 0 | G10: =solgen!E8 -> 0 | H10: =import!E8 -> 0 | I10: =-export!E8 -> 0 | J10: =-charge!E8 -> 0 | K10: =discharge!E8 -> 0 | L10: =soc!E8/investment!$E$4 *100 -> 50.400753
B11: =_xlfn.NUMBERVALUE(solar!B8) -> 14 | C11: =solar!C8 -> 0 | D11: 7 | E11: =IFERROR(INDEX($B$5:$C$173, MATCH($D11, $B$5:$B$175, 0), 2), 0)*investment!$C$4 -> 0 | F11: =demand!E9 -> 0 | G11: =solgen!E9 -> 0 | H11: =import!E9 -> 0 | I11: =-export!E9 -> 0 | J11: =-charge!E9 -> 0 | K11: =discharge!E9 -> 0 | L11: =soc!E9/investment!$E$4 *100 -> 47.546923
B12: =_xlfn.NUMBERVALUE(solar!B9) -> 15 | C12: =solar!C9 -> 0 | D12: 8 | E12: =IFERROR(INDEX($B$5:$C$173, MATCH($D12, $B$5:$B$175, 0), 2), 0)*investment!$C$4 -> 0 | F12: =demand!E10 -> 0 | G12: =solgen!E10 -> 0 | H12: =import!E10 -> 0 | I12: =-export!E10 -> 0 | J12: =-charge!E10 -> 0 | K12: =discharge!E10 -> 0 | L12: =soc!E10/investment!$E$4 *100 -> 47.546448
B13: =_xlfn.NUMBERVALUE(solar!B10) -> 16 | C13: =solar!C10 -> 0 | D13: 9 | E13: =IFERROR(INDEX($B$5:$C$173, MATCH($D13, $B$5:$B$175, 0), 2), 0)*investment!$C$4 -> 0 | F13: =demand!E11 -> 0 | G13: =solgen!E11 -> 0 | H13: =import!E11 -> 0 | I13: =-export!E11 -> 0 | J13: =-charge!E11 -> 0 | K13: =discharge!E11 -> 0 | L13: =soc!E11/investment!$E$4 *100 -> 47.545972
B14: =_xlfn.NUMBERVALUE(solar!B11) -> 17 | C14: =solar!C11 -> 0 | D14: 10 | E14: =IFERROR(INDEX($B$5:$C$173, MATCH($D14, $B$5:$B$175, 0), 2), 0)*investment!$C$4 -> 0 | F14: =demand!E12 -> 0 | G14: =solgen!E12 -> 0 | H14: =import!E12 -> 0 | I14: =-export!E12 -> 0 | J14: =-charge!E12 -> 0 | K14: =discharge!E12 -> 0 | L14: =soc!E12/investment!$E$4 *100 -> 47.545497
B15: =_xlfn.NUMBERVALUE(solar!B12) -> 18 | C15: =solar!C12 -> 0 | D15: 11 | E15: =IFERROR(INDEX($B$5:$C$173, MATCH($D15, $B$5:$B$175, 0), 2), 0)*investment!$C$4 -> 0 | F15: =demand!E13 -> 0 | G15: =solgen!E13 -> 0 | H15: =import!E13 -> 0 | I15: =-export!E13 -> 0 | J15: =-charge!E13 -> 0 | K15: =discharge!E13 -> 0 | L15: =soc!E13/investment!$E$4 *100 -> 47.545021
B16: =_xlfn.NUMBERVALUE(solar!B13) -> 19 | C16: =solar!C13 -> 0 | D16: 12 | E16: =IFERROR(INDEX($B$5:$C$173, MATCH($D16, $B$5:$B$175, 0), 2), 0)*investment!$C$4 -> 0 | F16: =demand!E14 -> 0 | G16: =solgen!E14 -> 0 | H16: =import!E14 -> 0 | I16: =-export!E14 -> 0 | J16: =-charge!E14 -> 0 | K16: =discharge!E14 -> 0 | L16: =soc!E14/investment!$E$4 *100 -> 47.544546
... B172: =_xlfn.NUMBERVALUE(solar!B169) -> 0 | C172: =solar!C169 -> 0 | D172: 168 | E172: =IFERROR(INDEX($B$5:$C$173, MATCH($D172, $B$5:$B$175, 0), 2), 0)*investment!$C$4 -> 0 | F172: =demand!E170 -> 0 | G172: =solgen!E170 -> 0 | H172: =import!E170 -> 0 | I172: =-export!E170 -> 0 | J172: =-charge!E170 -> 0 | K172: =discharge!E170 -> 0 | L172: =soc!E170/investment!$E$4 *100 -> 70

Sheet Input par
B2: * spec. solar investment 730 euro/kWp for 20 years lifetime (from my paper) -> 0.1 euro/kW per day
B3: * spec. solar investment 540 euro/kWh for 20 years lifetime (from Leas master) -> 0.074 euro/kW per day
B4: c_S(i) /1 0.7
B5: 2 0.7
B6: 3 0.7
B7: /
B8: * spec. battery investment 192 euro/kWh for 5 years lifetime (from my paper) -> 0.1 euro/kWh per day
B9: * spec. battery investment 1900 euro/kWh for 5 years lifetime (from my paper) -> 1.04 euro/kWh per day
B10: c_B(i) / 1 7.28
B11: 2 7.28
B12: 3 7.28
B13: /
... B49: ;

Sheet p_nano
B2: 1 | C2: 0.0011169616 | D2: 0.001116481 | E2: 0.00111637
B3: 2 | C3: 0.0011169677 | D3: 0.0011165174 | E3: 0.0011164135
B4: 3 | C4: 0.0011169738 | D4: 0.0011165417 | E4: 0.001116442
B5: 4 | C5: 0.0011169799 | D5: 0.0011165659 | E5: 0.0011164704
B6: 5 | C6: 0.0011169861 | D6: 0.0011165901 | E6: 0.0011164989
B7: 6 | C7: 0.0011169922 | D7: 0.0011166144 | E7: 0.0011165273
B8: 7 | C8: 0.0011169983 | D8: 0.0011166386 | E8: 0.0011165558
B9: 8 | C9: 0.0011170045 | D9: 0.0011166628 | E9: 0.0011165843
B10: 9 | C10: 0.0011170106 | D10: 0.0011166871 | E10: 0.0011166127
B11: 10 | C11: 0.0011170167 | D11: 0.0011167113 | E11: 0.0011166412
B12: 11 | C12: 0.0011170229 | D12: 0.0011167356 | E12: 0.0011166697
B13: 12 | C13: 0.001117029 | D13: 0.0011167598 | E13: 0.0011166981
... B673: 672 | C673: 0.0005 | D673: 0.0005 | E673: 0.0005
