Workbook

Sheet solar
B2: 1 | C2: 0
B3: 2 | C3: 0
B4: 3 | C4: 0
B5: 4 | C5: 0
B6: 5 | C6: 0
B7: 6 | C7: 0
B8: 7 | C8: 0
B9: 8 | C9: 0
B10: 9 | C10: 0
B11: 10 | C11: 0
B12: 11 | C12: 0
B13: 12 | C13: 0
... B673: 672 | C673: 0

Sheet demand
B3: 1 | C3: 0.048009867 | D3: 0 | E3: 0.093333867
B4: 2 | C4: 0.19354193 | D4: 0 | E4: 0.044
B5: 3 | C5: 0.22074107 | D5: 0 | E5: 0.0560002
B6: 4 | C6: 0.2126704 | D6: 0.13333333 | E6: 0.0400008
B7: 5 | C7: 0.21700173 | D7: 0.4 | E7: 0.096
B8: 6 | C8: 0.1589342 | D8: 0.4 | E8: 0.044
B9: 7 | C9: 0.21613387 | D9: 0.4 | E9: 0.096
B10: 8 | C10: 0.16446733 | D10: 0.4 | E10: 0.044
B11: 9 | C11: 0.22100047 | D11: 0.4 | E11: 0.096
B12: 10 | C12: 0.16020107 | D12: 0.4 | E12: 0.044
B13: 11 | C13: 0.084667133 | D13: 0.4 | E13: 0.053334067
B14: 12 | C14: 0.2064 | D14: 0.4 | E14: 0.066667333
... B674: 672 | C674: 0.21501667 | D674: 0.37333333 | E674: 1e-06

Sheet investment
B2: 1 | C2: 0.63534856 | E2: 0.18460793
B3: 2 | C3: 0.6148236 | E3: 2.2956286
B4: 3 | C4: 4.5279228 | E4: 7.924294
C6: =profit!F2-0.518*SUM(C2:C4)-0.384*SUM(E2:E4) -> 0.073188525

Sheet profit
B2: -85.759619 | D2: 1 | E2: -40.928496 | F2: 7.0615815 | H2: 1 | I2: 0.40415015
D3: 2 | E3: -26.926783 | H3: 2 | I3: 1.2178822
D4: 3 | E4: -17.904339 | H4: 3 | I4: 5.4395491

Sheet solgen
B3: 1 | C3: 0 | D3: 0 | E3: 0
B4: 2 | C4: 0 | D4: 0 | E4: 0
B5: 3 | C5: 0 | D5: 0 | E5: 0
B6: 4 | C6: 0 | D6: 0 | E6: 0
B7: 5 | C7: 0 | D7: 0 | E7: 0
B8: 6 | C8: 0 | D8: 0 | E8: 0
B9: 7 | C9: 0 | D9: 0 | E9: 0
B10: 8 | C10: 0 | D10: 0 | E10: 0
B11: 9 | C11: 0 | D11: 0 | E11: 0
B12: 10 | C12: 0 | D12: 0 | E12: 0
B13: 11 | C13: 0 | D13: 0 | E13: 0
B14: 12 | C14: 0 | D14: 0 | E14: 0
... B674: 672 | C674: 0 | D674: 0 | E674: 0

Sheet import
C2: =SUM(C3:C674) -> 27.658862 | D2: =SUM(D3:D674) -> 14.221322 | E2: =SUM(E3:E674) -> 1.9026868e-08 | F2: =SUM(C2:E2) -> 41.880184
B3: 1 | C3: 0.012002466 | D3: 5.1039692e-12 | E3: 5.1015714e-12
B4: 2 | C4: 0.048385482 | D4: 4.9232202e-12 | E4: 4.9212515e-12
B5: 3 | C5: 0.055185266 | D5: 4.742913e-12 | E5: 4.7413772e-12
B6: 4 | C6: 0.053167599 | D6: 0.033333333 | E6: 4.3335254e-12
B7: 5 | C7: 0.054250432 | D7: 0.097261451 | E7: 4.8682383e-12
B8: 6 | C8: 0.039733549 | D8: 0.087268252 | E8: 4.7769348e-12
B9: 7 | C9: 0.054033466 | D9: 0.069415883 | E9: 4.6843437e-12
B10: 8 | C10: 0.041116832 | D10: 1.2462308e-09 | E10: 0
B11: 9 | C11: 0.055250116 | D11: 1.786141e-09 | E11: 0
B12: 10 | C12: 0.040050266 | D12: 2.3260991e-09 | E12: 0
B13: 11 | C13: 0.021166782 | D13: 2.8660977e-09 | E13: 0
B14: 12 | C14: 0.051599999 | D14: 3.4061333e-09 | E14: 0
... B674: 672 | C674: 0 | D674: 0 | E674: 9.2691573e-15

Sheet export
C2: =SUM(C3:C674) -> 3.1468355e-07 | D2: =SUM(D3:D674) -> 0.7486511 | E2: =SUM(E3:E674) -> 41.131533 | F2: =SUM(C2:E2) -> 41.880185
B3: 1 | C3: 1.061717e-09 | D3: 1.5515276e-11 | E3: 0.012002467
B4: 2 | C4: 1.0075248e-09 | D4: 1.5674444e-11 | E4: 0.048385483
B5: 3 | C5: 9.609708e-10 | D5: 1.5833837e-11 | E5: 0.055185267
B6: 4 | C6: 8.216712e-10 | D6: 0 | E6: 0.086500933
B7: 5 | C7: 9.6169222e-10 | D7: 0 | E7: 0.15151188
B8: 6 | C8: 9.3841933e-10 | D8: 0 | E8: 0.1270018
B9: 7 | C9: 9.1514706e-10 | D9: 0 | E9: 0.12344935
B10: 8 | C10: 9.4500061e-10 | D10: 2.1160659e-10 | E10: 0.041116833
B11: 9 | C11: 9.4490352e-10 | D11: 3.0512602e-10 | E11: 0.055250117
B12: 10 | C12: 9.4480915e-10 | D12: 3.9863824e-10 | E12: 0.040050267
B13: 11 | C13: 9.4471721e-10 | D13: 4.9214454e-10 | E13: 0.021166784
B14: 12 | C14: 9.446298e-10 | D14: 5.8564532e-10 | E14: 0.0516
... B674: 672 | C674: 5.210398e-15 | D674: 1.4619677e-15 | E674: 0

Sheet charge
B3: 1 | C3: 2.1331559e-09 | D3: 0 | E3: 0
B4: 2 | C4: 2.0252235e-09 | D4: 0 | E4: 0
B5: 3 | C5: 1.931369e-09 | D5: 0 | E5: 0
B6: 4 | C6: 1.6520355e-09 | D6: 0 | E6: 0
B7: 5 | C7: 1.9329408e-09 | D7: 0 | E7: 0
B8: 6 | C8: 1.8864233e-09 | D8: 0 | E8: 0
B9: 7 | C9: 1.8394909e-09 | D9: 0 | E9: 0
B10: 8 | C10: 1.6847344e-09 | D10: 1.0538604e-10 | E10: 0
B11: 9 | C11: 1.5908254e-09 | D11: 1.5193428e-10 | E11: 0
B12: 10 | C12: 1.4969786e-09 | D12: 1.9847545e-10 | E12: 0
B13: 11 | C13: 1.4031354e-09 | D13: 2.4501081e-10 | E13: 0
B14: 12 | C14: 1.3092979e-09 | D14: 2.9154233e-10 | E14: 0
... B674: 672 | C674: 4.7310728e-15 | D674: 1.2027335e-15 | E674: 0

Sheet discharge
B3: 1 | C3: 1.6343988e-08 | D3: 8.2712464e-12 | E3: 0.035335933
B4: 2 | C4: 1.1937242e-08 | D4: 8.4936206e-12 | E4: 0.059385483
B5: 3 | C5: 1.1383772e-08 | D5: 8.4896099e-12 | E5: 0.069185317
B6: 4 | C6: 9.7336954e-09 | D6: 8.6107984e-12 | E6: 0.096501133
B7: 5 | C7: 1.1394071e-08 | D7: 0.0027385491 | E7: 0.17551188
B8: 6 | C8: 1.1117788e-08 | D8: 0.012731748 | E8: 0.1380018
B9: 7 | C9: 1.0842273e-08 | D9: 0.030584117 | E9: 0.14744935
B10: 8 | C10: 9.9331895e-09 | D10: 0.1 | E10: 0.052116833
B11: 9 | C11: 9.3820787e-09 | D11: 0.1 | E11: 0.079250117
B12: 10 | C12: 8.8308252e-09 | D12: 0.1 | E12: 0.051050267
B13: 11 | C13: 8.2795412e-09 | D13: 0.1 | E13: 0.0345003
B14: 12 | C14: 7.7282247e-09 | D14: 0.1 | E14: 0.068266833
... B674: 672 | C674: 0.053754167 | D674: 0.093333333 | E674: 2.4999996e-07

Sheet soc
B3: 1 | C3: 0.12922555 | D3: 1.60694 | E3: 5.5077436
B4: 2 | C4: 0.12922426 | D4: 1.6069239 | E4: 5.4417047
B5: 3 | C5: 0.12922297 | D5: 1.6069079 | E5: 5.3647777
B6: 4 | C6: 0.12922167 | D6: 1.6068918 | E6: 5.2575006
B7: 5 | C7: 0.12922038 | D7: 1.6038329 | E7: 5.0624348
B8: 6 | C8: 0.12921909 | D8: 1.5896705 | E8: 4.9090488
B9: 7 | C9: 0.1292178 | D9: 1.5556722 | E9: 4.7451671
B10: 8 | C10: 0.12921651 | D10: 1.4445456 | E10: 4.6872121
B11: 9 | C11: 0.12921521 | D11: 1.33342 | E11: 4.5991095
B12: 10 | C12: 0.12921392 | D12: 1.2222956 | E12: 4.542341
B13: 11 | C13: 0.12921263 | D13: 1.1111722 | E13: 4.5039619
B14: 12 | C14: 0.12921134 | D14: 1.00005 | E14: 4.4280649
... B674: 672 | C674: 0.12922555 | D674: 1.60694 | E674: 5.5470058

Sheet p_micro
B2: 1 | C2: 0.00060847053
B3: 2 | C3: 0.00060847384
B4: 3 | C4: 0.00060847711
B5: 4 | C5: 0.00060847884
B6: 5 | C6: 0.00060848532
B7: 6 | C7: 0.000608489
B8: 7 | C8: 0.00060849268
B9: 8 | C9: 0.00060849813
B10: 9 | C10: 0.0006085026
B11: 10 | C11: 0.00060850706
B12: 11 | C12: 0.00060851152
B13: 12 | C13: 0.00060851599
... B673: 672 | C673: 0.0003

Sheet NG1
B2: NG= | C2: 1 | E2: Nanogrid 1
B4: PV hours | D4: For plot | E4: timestep | F4: solar 1 | G4: demand 1 | H4: solgen 1 | I4: import 1 | J4: export 1 | K4: charge 1 | L4: discha 1 | M4: SoC 1 | N4: p_micro
B5: =_xlfn.NUMBERVALUE(solar!B2) -> 8 | C5: =solar!C2 -> 0 | D5: 1 | E5: 1 | F5: =IFERROR(INDEX($B$5:$C$173, MATCH($E5, $B$5:$B$175, 0), 2), 0)*investment!$C$2 -> 0 | G5: =demand!C3 -> 0 | H5: =solgen!C3 -> 0 | I5: =import!C3 -> 0 | J5: =-export!C3 -> 0 | K5: =-charge!C3 -> 0 | L5: =discharge!C3 -> 0 | M5: =soc!C3/investment!$E$2 *100 -> 70 | N5: =p_micro!C2 -> 0
B6: =_xlfn.NUMBERVALUE(solar!B3) -> 9 | C6: =solar!C3 -> 0 | D6: 2 | E6: 2 | F6: =IFERROR(INDEX($B$5:$C$173, MATCH($E6, $B$5:$B$175, 0), 2), 0)*investment!$C$2 -> 0 | G6: =demand!C4 -> 0 | H6: =solgen!C4 -> 0 | I6: =import!C4 -> 0 | J6: =-export!C4 -> 0 | K6: =-charge!C4 -> 0 | L6: =discharge!C4 -> 0 | M6: =soc!C4/investment!$E$2 *100 -> 69.9993 | N6: =p_micro!C3 -> 0
B7: =_xlfn.NUMBERVALUE(solar!B4) -> 10 | C7: =solar!C4 -> 0 | D7: 3 | E7: 3 | F7: =IFERROR(INDEX($B$5:$C$173, MATCH($E7, $B$5:$B$175, 0), 2), 0)*investment!$C$2 -> 0 | G7: =demand!C5 -> 0 | H7: =solgen!C5 -> 0 | I7: =import!C5 -> 0 | J7: =-export!C5 -> 0 | K7: =-charge!C5 -> 0 | L7: =discharge!C5 -> 0 | M7: =soc!C5/investment!$E$2 *100 -> 69.9986 | N7: =p_micro!C4 -> 0
B8: =_xlfn.NUMBERVALUE(solar!B5) -> 11 | C8: =solar!C5 -> 0 | D8: 4 | E8: 4 | F8: =IFERROR(INDEX($B$5:$C$173, MATCH($E8, $B$5:$B$175, 0), 2), 0)*investment!$C$2 -> 0 | G8: =demand!C6 -> 0 | H8: =solgen!C6 -> 0 | I8: =import!C6 -> 0 | J8: =-export!C6 -> 0 | K8: =-charge!C6 -> 0 | L8: =discharge!C6 -> 0 | M8: =soc!C6/investment!$E$2 *100 -> 69.9979 | N8: =p_micro!C5 -> 0
B9: =_xlfn.NUMBERVALUE(solar!B6) -> 12 | C9: =solar!C6 -> 0 | D9: 5 | E9: 5 | F9: =IFERROR(INDEX($B$5:$C$173, MATCH($E9, $B$5:$B$175, 0), 2), 0)*investment!$C$2 -> 0 | G9: =demand!C7 -> 0 | H9: =solgen!C7 -> 0 | I9: =import!C7 -> 0 | J9: =-export!C7 -> 0 | K9: =-charge!C7 -> 0 | L9: =discharge!C7 -> 0 | M9: =soc!C7/investment!$E$2 *100 -> 69.9972 | N9: =p_micro!C6 -> 0
B10: =_xlfn.NUMBERVALUE(solar!B7) -> 13 | C10: =solar!C7 -> 0 | D10: 6 | E10: 6 | F10: =IFERROR(INDEX($B$5:$C$173, MATCH($E10, $B$5:$B$175, 0), 2), 0)*investment!$C$2 -> 0 | G10: =demand!C8 -> 0 | H10: =solgen!C8 -> 0 | I10: =import!C8 -> 0 | J10: =-export!C8 -> 0 | K10: =-charge!C8 -> 0 | L10: =discharge!C8 -> 0 | M10: =soc!C8/investment!$E$2 *100 -> 69.9965 | N10: =p_micro!C7 -> 0
B11: =_xlfn.NUMBERVALUE(solar!B8) -> 14 | C11: =solar!C8 -> 0 | D11: 7 | E11: 7 | F11: =IFERROR(INDEX($B$5:$C$173, MATCH($E11, $B$5:$B$175, 0), 2), 0)*investment!$C$2 -> 0 | G11: =demand!C9 -> 0 | H11: =solgen!C9 -> 0 | I11: =import!C9 -> 0 | J11: =-export!C9 -> 0 | K11: =-charge!C9 -> 0 | L11: =discharge!C9 -> 0 | M11: =soc!C9/investment!$E$2 *100 -> 69.9958 | N11: =p_micro!C8 -> 0
B12: =_xlfn.NUMBERVALUE(solar!B9) -> 15 | C12: =solar!C9 -> 0 | D12: 8 | E12: 8 | F12: =IFERROR(INDEX($B$5:$C$173, MATCH($E12, $B$5:$B$175, 0), 2), 0)*investment!$C$2 -> 0 | G12: =demand!C10 -> 0 | H12: =solgen!C10 -> 0 | I12: =import!C10 -> 0 | J12: =-export!C10 -> 0 | K12: =-charge!C10 -> 0 | L12: =discharge!C10 -> 0 | M12: =soc!C10/investment!$E$2 *100 -> 69.9951 | N12: =p_micro!C9 -> 0
B13: =_xlfn.NUMBERVALUE(solar!B10) -> 16 | C13: =solar!C10 -> 0 | D13: 9 | E13: 9 | F13: =IFERROR(INDEX($B$5:$C$173, MATCH($E13, $B$5:$B$175, 0), 2), 0)*investment!$C$2 -> 0 | G13: =demand!C11 -> 0 | H13: =solgen!C11 -> 0 | I13: =import!C11 -> 0 | J13: =-export!C11 -> 0 | K13: =-charge!C11 -> 0 | L13: =discharge!C11 -> 0 | M13: =soc!C11/investment!$E$2 *100 -> 69.9944 | N13: =p_micro!C10 -> 0
B14: =_xlfn.NUMBERVALUE(solar!B11) -> 17 | C14: =solar!C11 -> 0 | D14: 10 | E14: 10 | F14: =IFERROR(INDEX($B$5:$C$173, MATCH($E14, $B$5:$B$175, 0), 2), 0)*investment!$C$2 -> 0 | G14: =demand!C12 -> 0 | H14: =solgen!C12 -> 0 | I14: =import!C12 -> 0 | J14: =-export!C12 -> 0 | K14: =-charge!C12 -> 0 | L14: =discharge!C12 -> 0 | M14: =soc!C12/investment!$E$2 *100 -> 69.9937 | N14: =p_micro!C11 -> 0
B15: =_xlfn.NUMBERVALUE(solar!B12) -> 18 | C15: =solar!C12 -> 0 | D15: 11 | E15: 11 | F15: =IFERROR(INDEX($B$5:$C$173, MATCH($E15, $B$5:$B$175, 0), 2), 0)*investment!$C$2 -> 0 | G15: =demand!C13 -> 0 | H15: =solgen!C13 -> 0 | I15: =import!C13 -> 0 | J15: =-export!C13 -> 0 | K15: =-charge!C13 -> 0 | L15: =discharge!C13 -> 0 | M15: =soc!C13/investment!$E$2 *100 -> 69.993 | N15: =p_micro!C12 -> 0
B16: =_xlfn.NUMBERVALUE(solar!B13) -> 19 | C16: =solar!C13 -> 0 | D16: 12 | E16: 12 | F16: =IFERROR(INDEX($B$5:$C$173, MATCH($E16, $B$5:$B$175, 0), 2), 0)*investment!$C$2 -> 0 | G16: =demand!C14 -> 0 | H16: =solgen!C14 -> 0 | I16: =import!C14 -> 0 | J16: =-export!C14 -> 0 | K16: =-charge!C14 -> 0 | L16: =discharge!C14 -> 0 | M16: =soc!C14/investment!$E$2 *100 -> 69.9923 | N16: =p_micro!C13 -> 0
... B172: =_xlfn.NUMBERVALUE(solar!B169) -> 0 | C172: =solar!C169 -> 0 | D172: 24 | E172: 168 | F172: =IFERROR(INDEX($B$5:$C$173, MATCH($E172, $B$5:$B$175, 0), 2), 0)*investment!$C$2 -> 0 | G172: =demand!C170 -> 0 | H172: =solgen!C170 -> 0 | I172: =import!C170 -> 0 | J172: =-export!C170 -> 0 | K172: =-charge!C170 -> 0 | L172: =discharge!C170 -> 0 | M172: =soc!C170/investment!$E$2 *100 -> 99.993 | N172: =p_micro!C169 -> 0

Sheet NG2
B2: NG= | C2: 2 | D2: Nanogrid 2
B4: PV hours | D4: timestep | E4: solar 1 | F4: demand 1 | G4: solgen 1 | H4: import 1 | I4: export 1 | J4: charge 1 | K4: discha 1 | L4: SoC 1
B5: =_xlfn.NUMBERVALUE(solar!B2) -> 8 | C5: =solar!C2 -> 0 | D5: 1 | E5: =IFERROR(INDEX($B$5:$C$173, MATCH($D5, $B$5:$B$175, 0), 2), 0)*investment!$C$3 -> 0 | F5: =demand!D3 -> 0 | G5: =solgen!D3 -> 0 | H5: =import!D3 -> 0 | I5: =-export!D3 -> 0 | J5: =-charge!D3 -> 0 | K5: =discharge!D3 -> 0 | L5: =soc!D3/investment!$E$3 *100 -> 70
B6: =_xlfn.NUMBERVALUE(solar!B3) -> 9 | C6: =solar!C3 -> 0 | D6: 2 | E6: =IFERROR(INDEX($B$5:$C$173, MATCH($D6, $B$5:$B$175, 0), 2), 0)*investment!$C$3 -> 0 | F6: =demand!D4 -> 0 | G6: =solgen!D4 -> 0 | H6: =import!D4 -> 0 | I6: =-export!D4 -> 0 | J6: =-charge!D4 -> 0 | K6: =discharge!D4 -> 0 | L6: =soc!D4/investment!$E$3 *100 -> 69.9993
B7: =_xlfn.NUMBERVALUE(solar!B4) -> 10 | C7: =solar!C4 -> 0 | D7: 3 | E7: =IFERROR(INDEX($B$5:$C$173, MATCH($D7, $B$5:$B$175, 0), 2), 0)*investment!$C$3 -> 0 | F7: =demand!D5 -> 0 | G7: =solgen!D5 -> 0 | H7: =import!D5 -> 0 | I7: =-export!D5 -> 0 | J7: =-charge!D5 -> 0 | K7: =discharge!D5 -> 0 | L7: =soc!D5/investment!$E$3 *100 -> 69.9986
B8: =_xlfn.NUMBERVALUE(solar!B5) -> 11 | C8: =solar!C5 -> 0 | D8: 4 | E8: =IFERROR(INDEX($B$5:$C$173, MATCH($D8, $B$5:$B$175, 0), 2), 0)*investment!$C$3 -> 0 | F8: =demand!D6 -> 0 | G8: =solgen!D6 -> 0 | H8: =import!D6 -> 0 | I8: =-export!D6 -> 0 | J8: =-charge!D6 -> 0 | K8: =discharge!D6 -> 0 | L8: =soc!D6/investment!$E$3 *100 -> 69.9979
B9: =_xlfn.NUMBERVALUE(solar!B6) -> 12 | C9: =solar!C6 -> 0 | D9: 5 | E9: =IFERROR(INDEX($B$5:$C$173, MATCH($D9, $B$5:$B$175, 0), 2), 0)*investment!$C$3 -> 0 | F9: =demand!D7 -> 0 | G9: =solgen!D7 -> 0 | H9: =import!D7 -> 0 | I9: =-export!D7 -> 0 | J9: =-charge!D7 -> 0 | K9: =discharge!D7 -> 0 | L9: =soc!D7/investment!$E$3 *100 -> 69.864651
B10: =_xlfn.NUMBERVALUE(solar!B7) -> 13 | C10: =solar!C7 -> 0 | D10: 6 | E10: =IFERROR(INDEX($B$5:$C$173, MATCH($D10, $B$5:$B$175, 0), 2), 0)*investment!$C$3 -> 0 | F10: =demand!D8 -> 0 | G10: =solgen!D8 -> 0 | H10: =import!D8 -> 0 | I10: =-export!D8 -> 0 | J10: =-charge!D8 -> 0 | K10: =discharge!D8 -> 0 | L10: =soc!D8/investment!$E$3 *100 -> 69.247721
B11: =_xlfn.NUMBERVALUE(solar!B8) -> 14 | C11: =solar!C8 -> 0 | D11: 7 | E11: =IFERROR(INDEX($B$5:$C$173, MATCH($D11, $B$5:$B$175, 0), 2), 0)*investment!$C$3 -> 0 | F11: =demand!D9 -> 0 | G11: =solgen!D9 -> 0 | H11: =import!D9 -> 0 | I11: =-export!D9 -> 0 | J11: =-charge!D9 -> 0 | K11: =discharge!D9 -> 0 | L11: =soc!D9/investment!$E$3 *100 -> 67.766721
B12: =_xlfn.NUMBERVALUE(solar!B9) -> 15 | C12: =solar!C9 -> 0 | D12: 8 | E12: =IFERROR(INDEX($B$5:$C$173, MATCH($D12, $B$5:$B$175, 0), 2), 0)*investment!$C$3 -> 0 | F12: =demand!D10 -> 0 | G12: =solgen!D10 -> 0 | H12: =import!D10 -> 0 | I12: =-export!D10 -> 0 | J12: =-charge!D10 -> 0 | K12: =discharge!D10 -> 0 | L12: =soc!D10/investment!$E$3 *100 -> 62.925927
B13: =_xlfn.NUMBERVALUE(solar!B10) -> 16 | C13: =solar!C10 -> 0 | D13: 9 | E13: =IFERROR(INDEX($B$5:$C$173, MATCH($D13, $B$5:$B$175, 0), 2), 0)*investment!$C$3 -> 0 | F13: =demand!D11 -> 0 | G13: =solgen!D11 -> 0 | H13: =import!D11 -> 0 | I13: =-export!D11 -> 0 | J13: =-charge!D11 -> 0 | K13: =discharge!D11 -> 0 | L13: =soc!D11/investment!$E$3 *100 -> 58.08518
B14: =_xlfn.NUMBERVALUE(solar!B11) -> 17 | C14: =solar!C11 -> 0 | D14: 10 | E14: =IFERROR(INDEX($B$5:$C$173, MATCH($D14, $B$5:$B$175, 0), 2), 0)*investment!$C$3 -> 0 | F14: =demand!D12 -> 0 | G14: =solgen!D12 -> 0 | H14: =import!D12 -> 0 | I14: =-export!D12 -> 0 | J14: =-charge!D12 -> 0 | K14: =discharge!D12 -> 0 | L14: =soc!D12/investment!$E$3 *100 -> 53.244482
B15: =_xlfn.NUMBERVALUE(solar!B12) -> 18 | C15: =solar!C12 -> 0 | D15: 11 | E15: =IFERROR(INDEX($B$5:$C$173, MATCH($D15, $B$5:$B$175, 0), 2), 0)*investment!$C$3 -> 0 | F15: =demand!D13 -> 0 | G15: =solgen!D13 -> 0 | H15: =import!D13 -> 0 | I15: =-export!D13 -> 0 | J15: =-charge!D13 -> 0 | K15: =discharge!D13 -> 0 | L15: =soc!D13/investment!$E$3 *100 -> 48.403833
B16: =_xlfn.NUMBERVALUE(solar!B13) -> 19 | C16: =solar!C13 -> 0 | D16: 12 | E16: =IFERROR(INDEX($B$5:$C$173, MATCH($D16, $B$5:$B$175, 0), 2), 0)*investment!$C$3 -> 0 | F16: =demand!D14 -> 0 | G16: =solgen!D14 -> 0 | H16: =import!D14 -> 0 | I16: =-export!D14 -> 0 | J16: =-charge!D14 -> 0 | K16: =discharge!D14 -> 0 | L16: =soc!D14/investment!$E$3 *100 -> 43.563232
... B172: =_xlfn.NUMBERVALUE(solar!B169) -> 0 | C172: =solar!C169 -> 0 | D172: 168 | E172: =IFERROR(INDEX($B$5:$C$173, MATCH($D172, $B$5:$B$175, 0), 2), 0)*investment!$C$3 -> 0 | F172: =demand!D170 -> 0 | G172: =solgen!D170 -> 0 | H172: =import!D170 -> 0 | I172: =-export!D170 -> 0 | J172: =-charge!D170 -> 0 | K172: =discharge!D170 -> 0 | L172: =soc!D170/investment!$E$3 *100 -> 99.997

Sheet NG3
B2: NG= | C2: 3 | D2: Nanogrid 3
B4: PV hours | D4: timestep | E4: solar 1 | F4: demand 1 | G4: solgen 1 | H4: import 1 | I4: export 1 | J4: charge 1 | K4: discha 1 | L4: SoC 1
B5: =_xlfn.NUMBERVALUE(solar!B2) -> 8 | C5: =solar!C2 -> 0 | D5: 1 | E5: =IFERROR(INDEX($B$5:$C$173, MATCH($D5, $B$5:$B$175, 0), 2), 0)*investment!$C$4 -> 0 | F5: =demand!E3 -> 0 | G5: =solgen!E3 -> 0 | H5: =import!E3 -> 0 | I5: =-export!E3 -> 0 | J5: =-charge!E3 -> 0 | K5: =discharge!E3 -> 0 | L5: =soc!E3/investment!$E$4 *100 -> 69.504534
B6: =_xlfn.NUMBERVALUE(solar!B3) -> 9 | C6: =solar!C3 -> 0 | D6: 2 | E6: =IFERROR(INDEX($B$5:$C$173, MATCH($D6, $B$5:$B$175, 0), 2), 0)*investment!$C$4 -> 0 | F6: =demand!E4 -> 0 | G6: =solgen!E4 -> 0 | H6: =import!E4 -> 0 | I6: =-export!E4 -> 0 | J6: =-charge!E4 -> 0 | K6: =discharge!E4 -> 0 | L6: =soc!E4/investment!$E$4 *100 -> 68.671161
B7: =_xlfn.NUMBERVALUE(solar!B4) -> 10 | C7: =solar!C4 -> 0 | D7: 3 | E7: =IFERROR(INDEX($B$5:$C$173, MATCH($D7, $B$5:$B$175, 0), 2), 0)*investment!$C$4 -> 0 | F7: =demand!E5 -> 0 | G7: =solgen!E5 -> 0 | H7: =import!E5 -> 0 | I7: =-export!E5 -> 0 | J7: =-charge!E5 -> 0 | K7: =discharge!E5 -> 0 | L7: =soc!E5/investment!$E$4 *100 -> 67.700387
B8: =_xlfn.NUMBERVALUE(solar!B5) -> 11 | C8: =solar!C5 -> 0 | D8: 4 | E8: =IFERROR(INDEX($B$5:$C$173, MATCH($D8, $B$5:$B$175, 0), 2), 0)*investment!$C$4 -> 0 | F8: =demand!E6 -> 0 | G8: =solgen!E6 -> 0 | H8: =import!E6 -> 0 | I8: =-export!E6 -> 0 | J8: =-charge!E6 -> 0 | K8: =discharge!E6 -> 0 | L8: =soc!E6/investment!$E$4 *100 -> 66.346612
B9: =_xlfn.NUMBERVALUE(solar!B6) -> 12 | C9: =solar!C6 -> 0 | D9: 5 | E9: =IFERROR(INDEX($B$5:$C$173, MATCH($D9, $B$5:$B$175, 0), 2), 0)*investment!$C$4 -> 0 | F9: =demand!E7 -> 0 | G9: =solgen!E7 -> 0 | H9: =import!E7 -> 0 | I9: =-export!E7 -> 0 | J9: =-charge!E7 -> 0 | K9: =discharge!E7 -> 0 | L9: =soc!E7/investment!$E$4 *100 -> 63.884995
B10: =_xlfn.NUMBERVALUE(solar!B7) -> 13 | C10: =solar!C7 -> 0 | D10: 6 | E10: =IFERROR(INDEX($B$5:$C$173, MATCH($D10, $B$5:$B$175, 0), 2), 0)*investment!$C$4 -> 0 | F10: =demand!E8 -> 0 | G10: =solgen!E8 -> 0 | H10: =import!E8 -> 0 | I10: =-export!E8 -> 0 | J10: =-charge!E8 -> 0 | K10: =discharge!E8 -> 0 | L10: =soc!E8/investment!$E$4 *100 -> 61.949353
B11: =_xlfn.NUMBERVALUE(solar!B8) -> 14 | C11: =solar!C8 -> 0 | D11: 7 | E11: =IFERROR(INDEX($B$5:$C$173, MATCH($D11, $B$5:$B$175, 0), 2), 0)*investment!$C$4 -> 0 | F11: =demand!E9 -> 0 | G11: =solgen!E9 -> 0 | H11: =import!E9 -> 0 | I11: =-export!E9 -> 0 | J11: =-charge!E9 -> 0 | K11: =discharge!E9 -> 0 | L11: =soc!E9/investment!$E$4 *100 -> 59.881261
B12: =_xlfn.NUMBERVALUE(solar!B9) -> 15 | C12: =solar!C9 -> 0 | D12: 8 | E12: =IFERROR(INDEX($B$5:$C$173, MATCH($D12, $B$5:$B$175, 0), 2), 0)*investment!$C$4 -> 0 | F12: =demand!E10 -> 0 | G12: =solgen!E10 -> 0 | H12: =import!E10 -> 0 | I12: =-export!E10 -> 0 | J12: =-charge!E10 -> 0 | K12: =discharge!E10 -> 0 | L12: =soc!E10/investment!$E$4 *100 -> 59.149902
B13: =_xlfn.NUMBERVALUE(solar!B10) -> 16 | C13: =solar!C10 -> 0 | D13: 9 | E13: =IFERROR(INDEX($B$5:$C$173, MATCH($D13, $B$5:$B$175, 0), 2), 0)*investment!$C$4 -> 0 | F13: =demand!E11 -> 0 | G13: =solgen!E11 -> 0 | H13: =import!E11 -> 0 | I13: =-export!E11 -> 0 | J13: =-charge!E11 -> 0 | K13: =discharge!E11 -> 0 | L13: =soc!E11/investment!$E$4 *100 -> 58.038098
B14: =_xlfn.NUMBERVALUE(solar!B11) -> 17 | C14: =solar!C11 -> 0 | D14: 10 | E14: =IFERROR(INDEX($B$5:$C$173, MATCH($D14, $B$5:$B$175, 0), 2), 0)*investment!$C$4 -> 0 | F14: =demand!E12 -> 0 | G14: =solgen!E12 -> 0 | H14: =import!E12 -> 0 | I14: =-export!E12 -> 0 | J14: =-charge!E12 -> 0 | K14: =discharge!E12 -> 0 | L14: =soc!E12/investment!$E$4 *100 -> 57.321713
B15: =_xlfn.NUMBERVALUE(solar!B12) -> 18 | C15: =solar!C12 -> 0 | D15: 11 | E15: =IFERROR(INDEX($B$5:$C$173, MATCH($D15, $B$5:$B$175, 0), 2), 0)*investment!$C$4 -> 0 | F15: =demand!E13 -> 0 | G15: =solgen!E13 -> 0 | H15: =import!E13 -> 0 | I15: =-export!E13 -> 0 | J15: =-charge!E13 -> 0 | K15: =discharge!E13 -> 0 | L15: =soc!E13/investment!$E$4 *100 -> 56.837391
B16: =_xlfn.NUMBERVALUE(solar!B13) -> 19 | C16: =solar!C13 -> 0 | D16: 12 | E16: =IFERROR(INDEX($B$5:$C$173, MATCH($D16, $B$5:$B$175, 0), 2), 0)*investment!$C$4 -> 0 | F16: =demand!E14 -> 0 | G16: =solgen!E14 -> 0 | H16: =import!E14 -> 0 | I16: =-export!E14 -> 0 | J16: =-charge!E14 -> 0 | K16: =discharge!E14 -> 0 | L16: =soc!E14/investment!$E$4 *100 -> 55.879614
... B172: =_xlfn.NUMBERVALUE(solar!B169) -> 0 | C172: =solar!C169 -> 0 | D172: 168 | E172: =IFERROR(INDEX($B$5:$C$173, MATCH($D172, $B$5:$B$175, 0), 2), 0)*investment!$C$4 -> 0 | F172: =demand!E170 -> 0 | G172: =solgen!E170 -> 0 | H172: =import!E170 -> 0 | I172: =-export!E170 -> 0 | J172: =-charge!E170 -> 0 | K172: =discharge!E170 -> 0 | L172: =soc!E170/investment!$E$4 *100 -> 79.788488

Sheet Input par
B2: * spec. solar investment 730 euro/kWp for 20 years lifetime (from my paper) -> 0.1 euro/kW per day
B3: * spec. solar investment 540 euro/kWh for 20 years lifetime (from Leas master) -> 0.074 euro/kW per day
B4: c_S(i) /1 0.7
B5: 2 0.7
B6: 3 0.7
B7: /
B8: * spec. battery investment 192 euro/kWh for 5 years lifetime (from my paper) -> 0.1 euro/kWh per day
B9: * spec. battery investment 1900 euro/kWh for 5 years lifetime (from my paper) -> 1.04 euro/kWh per day
B10: c_B(i) / 1 7.28
B11: 2 7.28
B12: 3 7.28
B13: /
... B49: ;

Sheet p_nano
B2: 1 | C2: 0.9975995 | D2: 1 | E2: 0.99533331
B3: 2 | C3: 0.9903229 | D3: 1 | E3: 0.9978
B4: 3 | C4: 0.98896295 | D4: 1 | E4: 0.99719999
B5: 4 | C5: 0.98936648 | D5: 0.99333333 | E5: 0.99799996
B6: 5 | C6: 0.98914991 | D6: 0.98 | E6: 0.9952
B7: 6 | C7: 0.99205329 | D7: 0.98 | E7: 0.9978
B8: 7 | C8: 0.98919331 | D8: 0.98 | E8: 0.9952
B9: 8 | C9: 0.99177663 | D9: 0.98 | E9: 0.9978
B10: 9 | C10: 0.98894998 | D10: 0.98 | E10: 0.9952
B11: 10 | C11: 0.99198995 | D11: 0.98 | E11: 0.9978
B12: 11 | C12: 0.99576664 | D12: 0.98 | E12: 0.9973333
B13: 12 | C13: 0.98968 | D13: 0.98 | E13: 0.99666663
... B673: 672 | C673: 0.98924917 | D673: 0.98133333 | E673: 0.99999995
